{
    "tweet_id": "1391720958461808641",
    "tweet": "Look at this insensitive piece of shit... https://t.co/CGVoyjcKy",
    "comments": [
        {
            "tweet_id": "1391721834677035008",
            "tweet": "@alvoromorteIND @kunalkamra88 Any reply from rastrabhakt"
        },
        {
            "tweet_id": "1391721145490055173",
            "tweet": "@kunalkamra88 \ud83e\udd23\ud83e\udd23\ud83e\udd23\ud83e\udd23\ud83e\udd23\ud83e\udd23\ud83e\udd23\ud83e\udd23\ud83e\udd23\ud83e\udd23\ud83e\udd23\ud83e\udd23\ud83e\udd26"
        },
        {
            "tweet_id": "1391721149646528514",
            "tweet": "@kunalkamra88 \ud83e\udd23\ud83e\udd23\ud83e\udd23\ud83e\udd23\ud83e\udd23 kese kese jokers hei re baba.."
        },
        {
            "tweet_id": "1391721186598408194",
            "tweet": "@kunalkamra88 I hope he gets it.",
            "replies": [
                {
                    "tweet_id": "1391731354073591808",
                    "tweet": "@andolantrump @kunalkamra88 But the sad thing is they will have cylinders ready for him the moment his oxygen saturation gets low. This dumbass was also In the hospital after fasting made him weak af... tab Anlom vilom aur kapal bhaarti yaad nahi aaya"
                }
            ]
        },
        {
            "tweet_id": "1391721190280990722",
            "tweet": "@kunalkamra88 Sala dhongi mc"
        },
        {
            "tweet_id": "1391721195540680704",
            "tweet": "@kunalkamra88 \u0915\u0947\u091c\u0930\u0940\u0935\u093e\u0932 \u0915\u0947 \u0932\u093e\u0907\u0935 \u0915\u0930\u0928\u0947 \u092a\u0947 \u0907\u0938 \u0932\u093f\u090f \u0916\u093c\u092b\u093c\u093e \u0939\u094b\u092f\u0947 \u0925\u0947 https://t.co/9KxFcS67WV",
            "replies": [
                {
                    "tweet_id": "1391782919983669256",
                    "tweet": "@dilshdkazmi87 @kunalkamra88 @DownloaderBot"
                },
                {
                    "tweet_id": "1391797689495392258",
                    "tweet": "@dilshdkazmi87 @kunalkamra88 This was unexpected to be honest! Followed by a cracker \ud83d\ude1c"
                }
            ]
        },
        {
            "tweet_id": "1391721238091997186",
            "tweet": "@kunalkamra88 Yo wtf @itsdhruvdp",
            "replies": [
                {
                    "tweet_id": "1391725954800656386",
                    "tweet": "@dholakia_vidhan @kunalkamra88 Arey arey \ud83d\ude02\ud83d\ude02\ud83d\ude02"
                }
            ]
        },
        {
            "tweet_id": "1391721267007475715",
            "tweet": "@kunalkamra88 POS https://t.co/c1DtAePmEJ"
        },
        {
            "tweet_id": "1391721341770944512",
            "tweet": "@kunalkamra88 Filth."
        },
        {
            "tweet_id": "1391721373156917251",
            "tweet": "@kunalkamra88 The end though"
        },
        {
            "tweet_id": "1391721398368804864",
            "tweet": "@kunalkamra88 Now Public wants Baba Ramadev's oxygen \ud83d\ude01"
        },
        {
            "tweet_id": "1391721416748412933",
            "tweet": "@kunalkamra88 After this Labelling him \"shit\" is like being disrespectful to the actual shit."
        },
        {
            "tweet_id": "1391721450306826243",
            "tweet": "@kunalkamra88 Mene bhi yahi bola tha!!!\nAnd here is the gift \ud83d\ude02\ud83d\ude02 https://t.co/8jiZS0Dtz1",
            "replies": [
                {
                    "tweet_id": "1391773310531235848",
                    "tweet": "@Medic_moron @kunalkamra88 What a honour"
                }
            ]
        },
        {
            "tweet_id": "1391721464903184389",
            "tweet": "@kunalkamra88 This baba himself joins highly equipped hospitals when his own health declines.\n\nHypocrisy ki seema hi nhi hai !\ud83d\ude03 https://t.co/MhxiE7O02J",
            "replies": [
                {
                    "tweet_id": "1391739067419738118",
                    "tweet": "@ikaur_deep @kunalkamra88 \ud83d\ude02\ud83d\ude02\ud83d\ude02\ud83d\ude02"
                },
                {
                    "tweet_id": "1391798544353222658",
                    "tweet": "@ikaur_deep @kunalkamra88 \ud83e\udd23\ud83d\ude02\ud83e\udd23\ud83e\udd23"
                },
                {
                    "tweet_id": "1391837314171609088",
                    "tweet": "@ikaur_deep @kunalkamra88 Dhongi sandhisadhu"
                },
                {
                    "tweet_id": "1391946336472240130",
                    "tweet": "@ikaur_deep @kunalkamra88 But is his condition the effect of vaccine or cheap thrills"
                },
                {
                    "tweet_id": "1391725773543796738",
                    "tweet": "@ikaur_deep @kunalkamra88 Ye phot dekh ke lag raha hai kaaniye ki.... https://t.co/3qjh6q2jSQ"
                },
                {
                    "tweet_id": "1392073863190679552",
                    "tweet": "@ikaur_deep @kunalkamra88 Us waqt iske oxygen cylinders defunct hojatee hain.."
                },
                {
                    "tweet_id": "1391950910712995842",
                    "tweet": "@ikaur_deep @kunalkamra88 What is wrong in being admitted in a highly equipped hospital!!??"
                },
                {
                    "tweet_id": "1394477828356284416",
                    "tweet": "@ikaur_deep @kunalkamra88 they themselves made the hospitals dumb woman\nthey have the best facilities \nthey use the best ways to do stuff\nyou dont even know how the world works\nhave you read charak's books?"
                }
            ]
        },
        {
            "tweet_id": "1391721468090753027",
            "tweet": "@kunalkamra88 \ud83e\udd23\ud83e\udd23\ud83e\udd23"
        },
        {
            "tweet_id": "1391721489942990848",
            "tweet": "@kunalkamra88 The dog is also better than this shit\ud83e\udd2e\ud83e\udd2e https://t.co/stZmcYSJ6K",
            "replies": [
                {
                    "tweet_id": "1391724025056055301",
                    "tweet": "@Yesterday___i @kunalkamra88 Let\u2019s not compare them. Dogs are the most faithful understanding and loyal creatures. He is just a piece of sh**"
                }
            ]
        },
        {
            "tweet_id": "1391721493118078976",
            "tweet": "@kunalkamra88 \u092c\u0939\u0941\u0924 \u0939\u0940 \u0938\u091f\u0940\u0915 \u091c\u0935\u093e\u092c \u092c\u093e\u092c\u093e \u0930\u093e\u092e\u0926\u0947\u0935 \u0915\u094b \ud83d\udc47\ud83d\udc47\ud83d\udc47\n\nhttps://t.co/2UnmIciVaP"
        },
        {
            "tweet_id": "1391721497039835136",
            "tweet": "@kunalkamra88 Two Feku in single frame https://t.co/kQZtLAK7aq",
            "replies": [
                {
                    "tweet_id": "1391761213936132096",
                    "tweet": "@tadipaar_hun @Gobi_je @kunalkamra88 \u0905\u091a\u094d\u091b\u093e \u0906\u092a\u0928 \u092b\u093c\u094b\u091f\u094b \u0928\u0939\u0940 \u0930\u0916\u093e\u0964"
                },
                {
                    "tweet_id": "1392041744624095237",
                    "tweet": "@tadipaar_hun @kunalkamra88 Fudu"
                },
                {
                    "tweet_id": "1391728404425179139",
                    "tweet": "@tadipaar_hun @kunalkamra88 Two \u0930\u0902\u0921\u0935\u0947 n single frame \ud83e\udd23\ud83e\udd23\ud83e\udd23"
                }
            ]
        },
        {
            "tweet_id": "1391721528841015300",
            "tweet": "@kunalkamra88 Look at this also.\n https://t.co/Txp2jW9S8g",
            "replies": [
                {
                    "tweet_id": "1391734711731453952",
                    "tweet": "@someone_404 @kunalkamra88 He is giving half truth, copied from somewhere."
                },
                {
                    "tweet_id": "1391790833716785156",
                    "tweet": "@someone_404 @kunalkamra88 Virus is not virus it is a dimension. Change my Mind!"
                }
            ]
        },
        {
            "tweet_id": "1391721532632698891",
            "tweet": "@kunalkamra88 Baba bsdk"
        },
        {
            "tweet_id": "1391721532662059014",
            "tweet": "@kunalkamra88 \u0915\u093e\u0902\u0917\u094d\u0930\u0947\u0938 \u0936\u093e\u0938\u0928 \u092e\u0947\u0902 \u092e\u0940\u0921\u093f\u092f\u093e \u0915\u094b \u0906\u091c\u093e\u0926\u0940 \u0925\u0940 \u0932\u0947\u0915\u093f\u0928 \u092d\u093e\u091c\u092a\u093e \u0938\u0930\u0915\u093e\u0930 \u092e\u0947\u0902 \u092e\u0940\u0921\u093f\u092f\u093e \u0915\u094b \u0917\u0941\u0932\u093e\u092e \u092c\u0928\u093e \u0926\u093f\u092f\u093e \u0939\u0948\u0964 \u0928\u093e\u092e \u0932\u0947\u0928\u0947 \u0938\u0947 \u092d\u0940 \u0921\u0930\u0924\u0947 \u0939\u0948\u0902\u0964 https://t.co/6TAbrv65sF",
            "replies": [
                {
                    "tweet_id": "1391752699746471943",
                    "tweet": "@RamSirsiya @kunalkamra88 System."
                }
            ]
        },
        {
            "tweet_id": "1391721660223426560",
            "tweet": "@kunalkamra88 Tejaswi ke badle ANI bolna tha.."
        },
        {
            "tweet_id": "1391721673896775681",
            "tweet": "@kunalkamra88 \u0907\u0938 \u092c\u0928\u094d\u0926\u0947 \u0928\u0947 \u092a\u0939\u0932\u0947 \u0939\u0940 \u092c\u0924\u093e \u0926\u093f\u092f\u093e \u0925\u093e \ud83e\udd23\ud83e\udd23\ud83e\udd23 https://t.co/ZTozNRm910",
            "replies": [
                {
                    "tweet_id": "1391836304132898818",
                    "tweet": "@anupagrawal23 @kunalkamra88 he always has his own plans https://t.co/K8RmkOA1E0"
                },
                {
                    "tweet_id": "1391891016102203392",
                    "tweet": "@anupagrawal23 @kunalkamra88 Gobar wale baba Backchodi hai bus aur kuch nhi\n..."
                }
            ]
        },
        {
            "tweet_id": "1391721680586772483",
            "tweet": "@kunalkamra88 Ye baba nahi ANI baba hai ....."
        },
        {
            "tweet_id": "1391721693131862023",
            "tweet": "@kunalkamra88 He must not be seeing right with that one eye."
        },
        {
            "tweet_id": "1391721697464635396",
            "tweet": "@kunalkamra88 Suggestion to Baba H-Ramdev.\ud83d\udc47\ud83d\udc47\ud83d\udc47\ud83d\udc47 https://t.co/NYGvAJJ7WW"
        },
        {
            "tweet_id": "1391721711611957248",
            "tweet": "@kunalkamra88 I think it is More sensitive than your content! \ud83e\udd14"
        },
        {
            "tweet_id": "1391721743769903104",
            "tweet": "@kunalkamra88 If you don't know Hindi you can actually stay away from lot of crap! \nGlad I never learnt it \ud83d\ude1c",
            "replies": [
                {
                    "tweet_id": "1391737897888354307",
                    "tweet": "@iamVetrii @kunalkamra88 True...the modern modifications of this language are dangerous to humanity \ud83d\ude1c"
                }
            ]
        },
        {
            "tweet_id": "1391721748677021696",
            "tweet": "@kunalkamra88 What is the capacity of our nose to store the oxygen @yogrishiramdev? https://t.co/5o3lFZ9Il0"
        },
        {
            "tweet_id": "1391728932899024903",
            "tweet": "@FekuMukt_Bharat @kunalkamra88 Wo wo wo brother... Kaam dev ka fire hose hai bhi ki nahi"
        },
        {
            "tweet_id": "1391721882374877184",
            "tweet": "@kunalkamra88 It\u2019s mad mad mad world!"
        },
        {
            "tweet_id": "1391721931163017217",
            "tweet": "@kunalkamra88 Isko kyu nahi ho raha corona, why is he not running for beds with his cylenders. Why only normal people are suffering"
        },
        {
            "tweet_id": "1391721933411000327",
            "tweet": "@kunalkamra88 Amit shah: kya bakcho*d paal k rakha hai...\ud83e\udd26\ud83c\udffd\u200d\u2642\ufe0f\ud83e\udd26\ud83c\udffd\u200d\u2642\ufe0f"
        },
        {
            "tweet_id": "1391722089745305608",
            "tweet": "@kunalkamra88 The entire gang are as u say insensitive ........"
        },
        {
            "tweet_id": "1391722115863257088",
            "tweet": "@kunalkamra88 \ud83d\udc37\ud83d\udc37\ud83d\udc37\ud83d\udc37\ud83d\ude02\ud83d\ude02\ud83d\ude02\ud83d\ude02"
        },
        {
            "tweet_id": "1391722116223963140",
            "tweet": "@kunalkamra88 \u092c\u093e\u092c\u093e\u091c\u0940 \u0939\u092e\u0947\u0902 \u092e\u0942\u0930\u094d\u0916 \u0915\u0947 \u0905\u0932\u093e\u0935\u093e \u0914\u0930 \u0915\u094d\u092f\u093e \u092c\u0928\u093e\u0924\u0947 \u0939\u0948\u0902..."
        },
        {
            "tweet_id": "1391722131302481921",
            "tweet": "@kunalkamra88 \u0915\u0939\u0947 \u0924\u094b \u0915\u0939\u0947 \u0915\u094d\u092f\u093e https://t.co/56zmg1IlsC"
        },
        {
            "tweet_id": "1391722169026056198",
            "tweet": "@kunalkamra88 After all that is happening since last month.....but still.....????"
        },
        {
            "tweet_id": "1391722209547223043",
            "tweet": "@kunalkamra88 I surely don't want that confidence in my life. :P"
        },
        {
            "tweet_id": "1391722236550160386",
            "tweet": "@kunalkamra88 Jab main chhota bacha tha\nMai badi shararat karta tha\nAb jo mai bada ho gaya \nHun badi shararat karta hoon \ud83e\udd23\ud83e\udd23 https://t.co/zdcTeRHrmE"
        },
        {
            "tweet_id": "1391722241474269196",
            "tweet": "@kunalkamra88 It must like looking at a mirror for you isn't it? \ud83d\ude02\ud83d\ude02"
        },
        {
            "tweet_id": "1391722295199035397",
            "tweet": "@kunalkamra88 Thats the icons of digital india \ud83e\udd23\ud83e\udd23\ud83e\udd23\ud83e\udd23\ud83e\udd23"
        },
        {
            "tweet_id": "1391722313649823746",
            "tweet": "@kunalkamra88 He is getting crazy"
        },
        {
            "tweet_id": "1391722348655480833",
            "tweet": "@kunalkamra88 \u0907\u0928\u0915\u093e number \u0906\u0924\u0947 \u0939\u0940 \u092d\u0917\u0935\u093e\u0928 \u0915\u0947 \u092f\u0939\u093e \u092c\u0941\u0926\u094d\u0927\u0940 \u0915\u092e \u092a\u0921 \u0917\u0908, \u0910\u0938\u0947 \u0939\u0940 \u092d\u0947\u091c \u0926\u093f\u092f\u093e \u0927\u0930\u0924\u0940 \u092a\u0930."
        },
        {
            "tweet_id": "1391722368716836867",
            "tweet": "@kunalkamra88 \u091c\u0932\u0924\u0947 \u0939\u0948\u0902 \u0938\u092c \"\u0935\u093f\u0936\u094d\u0935 \u0917\u0941\u0930\u0942\" \u092e\u094b\u0926\u0940 \u091c\u0940 \u0938\u0947.\n\n#BhaktsLogic \n#ModiMadeDisaster"
        },
        {
            "tweet_id": "1391722449503342592",
            "tweet": "@kunalkamra88 Ish dhongi baba ko jail me dalo ye tabhi sudhrega \ud83d\udc4d\ud83d\udc4d"
        },
        {
            "tweet_id": "1391722479547162624",
            "tweet": "@kunalkamra88 \u0907\u0938 \u092c\u093e\u092c\u093e \u0915\u094b covid-19 \u0938\u0947 \u092d\u0940 \u091c\u094d\u092f\u093e\u0926\u093e \u0916\u0924\u0930\u0928\u093e\u0915 infection \u0939\u0941\u0906 \u0939\u0948.. NoBrain-420.\n#GetWellSoonBabaRamdev"
        },
        {
            "tweet_id": "1391722525395197954",
            "tweet": "@kunalkamra88 \u092e\u0902\u0917\u0932 \u0917\u094d\u0930\u0939 \u092a\u0930 \u0911\u0915\u094d\u0938\u0940\u091c\u0928 \u0922\u0942\u0902\u0922\u0928\u0947 \u0935\u093e\u0932\u0947 \u0905\u092a\u0928\u0947 \u0932\u094b\u0917\u094b\u0902 \u0915\u094b \u0911\u0915\u094d\u0938\u0940\u091c\u0928 \u0928\u0939\u0940 \u0926\u0947 \u092a\u093e \u0930\u0939\u0947 \u0939\u0948\u0964\n\u0905\u091c\u0940\u092c \u0935\u093f\u0921\u0902\u092c\u0928\u093e \u0939\u0948\u0964 \u0909\u092a\u0930 \u0938\u0947 \u092f\u0939 \u091a\u0940\u092e\u094b \u0905\u0928\u0930\u094d\u0917\u0932 \u092c\u0947\u092f\u093e\u0928 \u0926\u0947\u0930\u0939\u093e \u0939\u0948\u0964"
        },
        {
            "tweet_id": "1391722574736871427",
            "tweet": "@kunalkamra88 Bhagwan ne muft ka paani bi de rakha hai..usme jaake doob kyu nahi marta ye anpad aadmi\ud83d\ude16\ud83d\ude16"
        },
        {
            "tweet_id": "1391722578239098881",
            "tweet": "@kunalkamra88 Chomu hai ye.  Aise logon ko ignore karte hain."
        },
        {
            "tweet_id": "1391722621402697731",
            "tweet": "@kunalkamra88 When he gets Covid and is in need of Oxygen cylinder,  tell him to use the ones he has already got. https://t.co/qGp9MbxuWN",
            "replies": [
                {
                    "tweet_id": "1391915458299777025",
                    "tweet": "@NitinDThorat1 @kunalkamra88 Baba ki takhath ghati ni, kyun ki baba abhi kumwara hai"
                },
                {
                    "tweet_id": "1391786403122479122",
                    "tweet": "@NitinDThorat1 @kunalkamra88 Aur uske sath me patanjali ka Covid vaccine bhi \ud83d\ude04\ud83d\ude04"
                }
            ]
        },
        {
            "tweet_id": "1391722721470345216",
            "tweet": "@kunalkamra88 https://t.co/U6yQm2XEEW\n\nAnother shit"
        },
        {
            "tweet_id": "1391722922763427841",
            "tweet": "@kunalkamra88 Dhongi fraud hai ye kaana"
        },
        {
            "tweet_id": "1391722938949324800",
            "tweet": "@kunalkamra88 Gober aadmi !"
        },
        {
            "tweet_id": "1391722978874826756",
            "tweet": "@kunalkamra88 \u0905\u092e\u093e\u0928\u0935\u0940\u092f \u090a\u0930\u094d\u091c\u093e \u0915\u0947 \u0938\u093e\u0925 \u0938\u0902\u092d\u094b\u0917 \u0915\u0930\u0928\u093e \u091a\u093f\u0902\u0924\u093e \u0926\u0942\u0930 \u0915\u0930\u0924\u093e \u0939\u0948\u0964 \n\n- \u0938\u0949\u0915\u094d\u0930\u0947\u091f\u093f\u0938"
        },
        {
            "tweet_id": "1391722983375343618",
            "tweet": "@kunalkamra88 @yogrishiramdev jaisa gadha aur jahil insaan nahi dekha."
        },
        {
            "tweet_id": "1391723093089865730",
            "tweet": "@kunalkamra88 \ud83d\ude02\ud83d\ude02\ud83d\ude02 https://t.co/wBN8OQwiz7"
        },
        {
            "tweet_id": "1391727010456629257",
            "tweet": "@jaya07_ @kunalkamra88 Must be an old video. Looked up and found ramdev giving interviews about yoga for increasing oxygen level in body these days. Waise bhi there is lockdown baba cant hold an event like this these days. This yog gram which can be seen in the background is not happening these days .",
            "replies": [
                {
                    "tweet_id": "1391727130438864899",
                    "tweet": "@jaya07_ @kunalkamra88 Heavily cropped video ."
                }
            ]
        },
        {
            "tweet_id": "1391723127177052167",
            "tweet": "@kunalkamra88 Which one?\nThere are two in the video.",
            "replies": [
                {
                    "tweet_id": "1391724546542080002",
                    "tweet": "@sane_indian @kunalkamra88 \ud83e\udd23\ud83e\udd23"
                }
            ]
        },
        {
            "tweet_id": "1391723214322245634",
            "tweet": "@kunalkamra88 Ayse pagal jab tak hai tab tak logo ko pagal banate rahenge"
        },
        {
            "tweet_id": "1391723261428334598",
            "tweet": "@kunalkamra88 \u0922\u094b\u0902\u0917\u0940 \u0930\u093e\u0902\u0921\u0926\u0947\u0935 \n#Oxygen \n#CovidIndia"
        },
        {
            "tweet_id": "1391723286631833605",
            "tweet": "@kunalkamra88 If shit had a face then this man had been the best resemblence."
        },
        {
            "tweet_id": "1391723293758033922",
            "tweet": "@kunalkamra88 \u0932\u093e\u0932\u093e \u0930\u093e\u092e\u0926\u0947\u0935 \u092c\u093e\u092c\u093e \u090f\u092e\u094d\u0938 \u092e\u0947\u0902 \u0915\u094d\u092f\u094b\u0902 \u0917\u092f\u0947 \u0925\u0947\n\n\ud83e\udd14\ud83e\udd14\ud83e\udd14 https://t.co/1bCt3ysDAl",
            "replies": [
                {
                    "tweet_id": "1391784582534422534",
                    "tweet": "@shfique13 @kunalkamra88 Apne cylinder refill karvane"
                },
                {
                    "tweet_id": "1391904085553475588",
                    "tweet": "@shfique13 @kunalkamra88 Puchho mat .. \ud83d\ude44\ud83e\udd23\ud83d\ude4f\ud83c\udffb"
                },
                {
                    "tweet_id": "1392079391132377089",
                    "tweet": "@shfique13 @kunalkamra88 Oxygen overdose"
                }
            ]
        },
        {
            "tweet_id": "1391723311608975368",
            "tweet": "@kunalkamra88 \ud83e\udd23\ud83e\udd23\ud83e\udd23"
        },
        {
            "tweet_id": "1391723357901508608",
            "tweet": "@kunalkamra88 @Sarcastic_doc_ I hope someone shows him this video if he ever needs an oxygen cylinder",
            "replies": [
                {
                    "tweet_id": "1391726172371779593",
                    "tweet": "@_ohoe @kunalkamra88 Kuch bhi bol raha h yeh... he doesn't even know what covid patients are going through"
                }
            ]
        },
        {
            "tweet_id": "1391723446745276420",
            "tweet": "@kunalkamra88 But ye background me Deepak chaurasia kyu Gaa rahe hai \ud83d\ude02 https://t.co/7pHK3wxPN9"
        },
        {
            "tweet_id": "1391723500402929671",
            "tweet": "@kunalkamra88 Hope this is happening in UP.\n Please arrest this guy, giving wrong information about a serious matter.."
        },
        {
            "tweet_id": "1391723501480939522",
            "tweet": "@kunalkamra88 Saw ur pic, don't want to see it again ,absolute stinking shit !!"
        },
        {
            "tweet_id": "1391723522766954498",
            "tweet": "@kunalkamra88 \ud83d\ude02\ud83d\ude02"
        },
        {
            "tweet_id": "1391723601410154505",
            "tweet": "@kunalkamra88 Haha......"
        },
        {
            "tweet_id": "1391723646419226627",
            "tweet": "@kunalkamra88 Only legends will get the @Tejasvi_Surya reference in this context by Modi ji \ud83d\ude39"
        },
        {
            "tweet_id": "1391723723711860736",
            "tweet": "@kunalkamra88 IMA has filed an FIR against this guy",
            "replies": [
                {
                    "tweet_id": "1391830418169556997",
                    "tweet": "@Abide_in_truth @kunalkamra88 Sir sadly it is only a complaint not a FIR"
                }
            ]
        },
        {
            "tweet_id": "1391723733019095043",
            "tweet": "@kunalkamra88 Yeh chutiya gaya hai."
        },
        {
            "tweet_id": "1391723791189950466",
            "tweet": "@kunalkamra88 Now who did this \ud83d\ude02"
        },
        {
            "tweet_id": "1391723847636983809",
            "tweet": "@kunalkamra88 Hope its the last one,,\ud83e\udd71\ud83e\udd71\ud83e\udd71"
        },
        {
            "tweet_id": "1391724036204371974",
            "tweet": "@yanksforeverrr Yes Boss \ud83d\ude4c , Video! at your service https://t.co/W9kCVBSzBp ,P.S: add this download link to bookmark on your device and check it when i don't respond REF: 3174/5"
        },
        {
            "tweet_id": "1391724124968427522",
            "tweet": "@kunalkamra88 Now Who did this?\n\ud83d\ude02\ud83d\ude02\ud83d\ude02\ud83d\ude02 https://t.co/Us5PwfJIUZ",
            "replies": [
                {
                    "tweet_id": "1391802077563678721",
                    "tweet": "@Ashraf_ali0 @kunalkamra88 Tere baap ne Kiya laude"
                }
            ]
        },
        {
            "tweet_id": "1391724307907112963",
            "tweet": "@kunalkamra88 It stinks worse than shit"
        },
        {
            "tweet_id": "1391724443542585347",
            "tweet": "@kunalkamra88 He said in that \"Samshaan kam padh gayi hai phukne ke liye\". These are his words.  It's really offensive."
        },
        {
            "tweet_id": "1391724513759416321",
            "tweet": "@kunalkamra88 \ud83e\udd26\u200d\u2642\ufe0f",
            "replies": [
                {
                    "tweet_id": "1391761744033292294",
                    "tweet": "@iakbarsheikh @kunalkamra88 Fuck it it - By Ranu mondal\ud83d\ude02\ud83d\ude02\ud83d\ude02"
                }
            ]
        },
        {
            "tweet_id": "1391724579052081157",
            "tweet": "@kunalkamra88 Supreme cylinder https://t.co/Yc1HmplpWH"
        },
        {
            "tweet_id": "1391724669888352262",
            "tweet": "@kunalkamra88 is kam akal ko kaun samjhaye ki body ka cylinder covid se kharab ho raha he isiliye body oxygen nahi le pa rahi he.. aur direct oxygen suppy ki zarurat padh rahi he jo government ka kaam he provide karna"
        },
        {
            "tweet_id": "1391724670714400769",
            "tweet": "@kunalkamra88 It's even a shame that he is still roaming free after faking claims of a \"corona medicine\" with \"WHO' certification. No wonder he continues with his masteries"
        },
        {
            "tweet_id": "1391724774083088393",
            "tweet": "@kunalkamra88 \u092e\u094b\u0926\u0940 \u091c\u0940 \u0928\u0947 A+B \u0938\u094d\u0915\u0947\u0935\u0930 \u0935\u093e\u0932\u093e algebra \u0907\u0938\u0940 \u091f\u0940\u091a\u0930 \u0938\u0947 \u0938\u0940\u0916 \u0939\u094b\u0917\u093e..."
        },
        {
            "tweet_id": "1391724930060984323",
            "tweet": "@kunalkamra88 Ghade ku maloom nahin Hawa (air) mein 3/4 Nitrogen hota jo COVID affected lungs ke liyea kaam nahin aata. Wah BJP, kya log hai aap mein. Yogi kaheta hai Nitrogen se oxygen nikalo, udhar ek Einstien-Newton Goyal hai ......  list bahout lambi hai!",
            "replies": [
                {
                    "tweet_id": "1391725678391926788",
                    "tweet": "@kunalkamra88 Slowly but steadily Indian medical will become quackery. And these ppl are endorsed by Health Minister! Bharat Vishwaguru banega!!! Haan dead bodies mein ban raha hai!"
                },
                {
                    "tweet_id": "1391727619192725505",
                    "tweet": "@ajnabiever @kunalkamra88 ulti seedhi science mat bolo, air ke composition se fark nahi padti. Weakened lungs can't pull in air, and alveolis collapse matlab hawa andar jae bhi toh oxygen nahi extract hogi khoon mein. I agree with you. but don't peddle quack science."
                },
                {
                    "tweet_id": "1391728026241572865",
                    "tweet": "@ajnabiever @kunalkamra88 Makes our criticism of these quacks seem illegitimate. Gives the detractors a chance to distract. Also, itne saaare science student bhakt hai, abhi aake koi tera popat karega toh acha nahi lagega na.\nstay safe, read up before you say stuff on the internet."
                },
                {
                    "tweet_id": "1391728062631268354",
                    "tweet": "@ajnabiever @kunalkamra88 @drharshvardhan \nYou were present in the press conference.\nSee his knowledge.\nModi has decided to replace you with Ramdev as Health Minister."
                },
                {
                    "tweet_id": "1391752770143854592",
                    "tweet": "@kunalkamra88 Wish media like The Washington Post, NYT, Time pick up my observation to tell ppl about the abyss such ppl are taking Indian healthcare to."
                },
                {
                    "tweet_id": "1391775743420497923",
                    "tweet": "@ajnabiever @kunalkamra88 Nitrogen ke machine me changes karke oxygen extract hota hai"
                },
                {
                    "tweet_id": "1391785190796656644",
                    "tweet": "@ajnabiever @kunalkamra88 Bhai ye log gutter gas se Chai bana sakte hai, Hava se oxygen separate Kar sakte hai, Hava se water bhi suck Kar sakte hai.. Don't challenge them!"
                },
                {
                    "tweet_id": "1391896658502328320",
                    "tweet": "@ajnabiever @kunalkamra88 Tejaswi log hain!!! Lol"
                },
                {
                    "tweet_id": "1392068533723430915",
                    "tweet": "@ajnabiever @kunalkamra88 Don't be uncivil. Not gadha but Donkey please"
                },
                {
                    "tweet_id": "1392112417623138307",
                    "tweet": "@ajnabiever @kunalkamra88 Usko malum hota to ye tatti hagta"
                },
                {
                    "tweet_id": "1392176815720919046",
                    "tweet": "@ajnabiever @kunalkamra88 Bhai dharti chapti hai ya gol ye pata karle apne profit se !!"
                },
                {
                    "tweet_id": "1391775875314589702",
                    "tweet": "@ajnabiever @kunalkamra88 Duniya chapti hai aur nabi aram kar rahe h"
                },
                {
                    "tweet_id": "1391777330058514433",
                    "tweet": "@ajnabiever @kunalkamra88 Isko ghada bolke ghadey ka insult mat Karo...."
                },
                {
                    "tweet_id": "1391829914270142464",
                    "tweet": "@ajnabiever @kunalkamra88 Iss ko sab Malum ye bhi malum he ki Indian ko fool banana asan he"
                },
                {
                    "tweet_id": "1391897768503959554",
                    "tweet": "@ajnabiever @kunalkamra88 miya oxygen ki kami hi nai aai hoti delhi me agar katue imran hussain ne oxygen hoarding na kari hoti tou"
                },
                {
                    "tweet_id": "1391928192684806148",
                    "tweet": "@ajnabiever @kunalkamra88 yeh sab terminology ka mention tumhari aasmani kitab mein to nahi hai? kya Ola Uber mand buddhdi tha???"
                },
                {
                    "tweet_id": "1392004294480515074",
                    "tweet": "@ajnabiever @kunalkamra88 \u0905\u092c\u0947 \u0938\u0941\u0905\u0930,\u092f\u0939\u093e\u0902 \u092a\u0947 % \u0915\u0938\u0928\u0947 \u092c\u094b\u0932\u0940 \u0932\u094b\u0926\u0941?  \u0914\u0930 \u091a\u0942\u0924\u093f\u092f\u0947, \u092a\u0939\u0932\u0947 \u092f\u0947 \u091c\u093e\u0928\u0932\u0947 \u0915\u0940 \u0938\u093f\u0932\u093f\u0902\u0921\u0930 \u0928\u0947 \u0915\u094d\u092f\u093e \u0915\u094d\u092f\u093e \u0918\u0941\u0938\u093e \u0939\u094b\u0924\u093e \u0939\u0948 , \u092b\u093f\u0930 \u0915\u0941\u091b \u0932\u093f\u0916\u093f\u092f\u094b\u0964 bjp \u0915\u094b \u091b\u094b\u0921\u093c, \u0924\u0942 \u092f\u0947 \u092c\u0924\u093e \u0915\u093f \u092a\u0939\u0932\u0940 \u092c\u093e\u0930 \u0915\u094b\u0928 \u092e\u0941\u0938\u094d\u0932\u093f\u092e \u092c\u0928\u093e \u0925\u093e \u092d\u093e\u0930\u0924 \u0938\u0947 \u0914\u0930 \u0915\u094d\u092f\u094b\u0902?"
                },
                {
                    "tweet_id": "1392417573325611012",
                    "tweet": "@ajnabiever @kunalkamra88 Itne  tejasvi log hai hamre pas phr kya kiya jaiye\ud83e\udd23"
                },
                {
                    "tweet_id": "1392893111165091842",
                    "tweet": "@ajnabiever @kunalkamra88 Isne kitab nahi padhi hai na to inko science ka kya pata nahi. Ye baba bolta hai prithvi gol hai kyu ki inko pata nahi ki pruthvi sapaat hai aur sham ki asmaan me lalima dozat ki aag hai jisme pappi ko jalaya jata hai. Suraj pruthvi ki purab se paschim me gande pani me dubta hai."
                },
                {
                    "tweet_id": "1391805707553546249",
                    "tweet": "@ajnabiever @kunalkamra88 bsdk asmani kitab pdne wale , bakrichodas ,yaha gyan pelenge , khatne k piche ka bhi science bata de ,,,,\ud83d\ude05\nhttps://t.co/2gbWZ8yPGd"
                }
            ]
        },
        {
            "tweet_id": "1391724938243895301",
            "tweet": "@kunalkamra88 Chai ki tapri pe jo log baith ke duniya bhar ka gyan pelte hain ye unhi jaisa baat karta hai lala ramdev"
        },
        {
            "tweet_id": "1391725080208683017",
            "tweet": "@kunalkamra88 This guy should have been arrested for this"
        },
        {
            "tweet_id": "1391725129479110660",
            "tweet": "@kunalkamra88 Brahmaandu is now my go to gali for sanghis."
        },
        {
            "tweet_id": "1391725139885236229",
            "tweet": "@kunalkamra88 why o why he gets so mch attention... yaaaak thuuuu"
        },
        {
            "tweet_id": "1391725306164039682",
            "tweet": "@kunalkamra88 @brnpkrl \ud83e\udd23\ud83d\ude03\ud83d\ude00"
        },
        {
            "tweet_id": "1391725374426423302",
            "tweet": "@kunalkamra88 @heistkid A case was filed against him by a Doctor for misleading people. Hope he apologies or inject him with corona"
        },
        {
            "tweet_id": "1391725585001443328",
            "tweet": "@kunalkamra88 \u0906\u092a \u0915\u093e \u092e\u0924\u0932\u092c \u0905\u0938\u094d\u0936\u094b\u0932 \u092a\u094b\u0930\u0940\u092c\u0930\u094d\u0924\u0928\ud83d\ude1d\ud83d\ude1d\ud83d\ude1d"
        },
        {
            "tweet_id": "1391725874114744325",
            "tweet": "@kunalkamra88 Desi osho."
        },
        {
            "tweet_id": "1391725913314758657",
            "tweet": "@kunalkamra88 The chutiya Nobel prize winner"
        },
        {
            "tweet_id": "1391725951206125572",
            "tweet": "@kunalkamra88 \u0915\u0939\u093e \u0930\u0916\u093e \u0925\u093e \u0908\u0924\u0928\u093e \u091c\u094d\u091e\u093e\u0928\ud83d\ude44"
        },
        {
            "tweet_id": "1391725991299403782",
            "tweet": "@kunalkamra88 His only punishment should be doing service in a covid ward for 15 days without PPE Kit, and then let's see if his cylinders fire."
        },
        {
            "tweet_id": "1391725995355369473",
            "tweet": "@kunalkamra88 Pic of insensitivity"
        },
        {
            "tweet_id": "1391726000753446912",
            "tweet": "@kunalkamra88 Baba ko dauda dauda k maara tha woh sabse achha kaam hua tha baba k saath"
        },
        {
            "tweet_id": "1391726059041611778",
            "tweet": "@kunalkamra88 Bhai, by serving this same kind of sheet, he has earned corors of corors of money. Idiots to hum hai."
        },
        {
            "tweet_id": "1391726066549485571",
            "tweet": "@kunalkamra88 Have you seen this insect in any TV show since 2 months? \n\nEspecially, advisor of Patanjali ! \n\ud83e\udd14 https://t.co/K9eSAAEPmm",
            "replies": [
                {
                    "tweet_id": "1391728196173713410",
                    "tweet": "@TanmoyBiswasI @kunalkamra88 Last week dekha tha aaj tak pe isko"
                }
            ]
        },
        {
            "tweet_id": "1391726151354109954",
            "tweet": "@kunalkamra88 This dhogi"
        },
        {
            "tweet_id": "1391726157884657665",
            "tweet": "@kunalkamra88 Bhai shit sounds good tell them sundaas \ud83d\udca9which suits them very well."
        },
        {
            "tweet_id": "1391726374491148291",
            "tweet": "@SalmanWasim02 Hey your request is ready at https://t.co/M7LUFgVJEm I might not respond always, So Always check this link when you request for a new video Cc @SalmanWasim02"
        },
        {
            "tweet_id": "1391726555685031939",
            "tweet": "@kunalkamra88 Such a irresponsible statements from lala ramdev and still  fools are following them blindly.."
        },
        {
            "tweet_id": "1391726613415432198",
            "tweet": "@kunalkamra88 Shit eating find shit in others..."
        },
        {
            "tweet_id": "1391726625989873665",
            "tweet": "@kunalkamra88 this is crap, this baba should be banned"
        },
        {
            "tweet_id": "1391726647397650442",
            "tweet": "@kunalkamra88 Is mahan chutiya ka system kharab hota hai To Aims bhagta hai"
        },
        {
            "tweet_id": "1391726674786484226",
            "tweet": "@kunalkamra88 Kya baat kar rahe ho babaji hai? Sach? \ud83d\ude02\ud83d\ude02\ud83d\ude02\ud83d\ude02"
        },
        {
            "tweet_id": "1391726682311122945",
            "tweet": "@kunalkamra88 I often buy patanjali products.  Looking at this insensitive comments I need to think before buying his products."
        },
        {
            "tweet_id": "1391726722232377344",
            "tweet": "@kunalkamra88 You are talking about sensitivity.. a very good joke\ud83e\udd23"
        },
        {
            "tweet_id": "1391726819015938048",
            "tweet": "@kunalkamra88 Salwari baba \ud83d\udc99ndu"
        },
        {
            "tweet_id": "1391726889895481344",
            "tweet": "@kunalkamra88 @Faizu__52 Dongi Baba"
        },
        {
            "tweet_id": "1391727086243512321",
            "tweet": "@kunalkamra88 I liked the concluding statement of feku!!"
        },
        {
            "tweet_id": "1391727101951168515",
            "tweet": "@kunalkamra88 Such people should be jailed first for creating misinformation"
        },
        {
            "tweet_id": "1391727203415691264",
            "tweet": "@kunalkamra88 \ud83d\ude02\ud83d\ude02\ud83d\ude02\ud83d\ude02\ud83d\ude02"
        },
        {
            "tweet_id": "1391727561860796418",
            "tweet": "@kunalkamra88 True such person is admired by millions of Indians."
        },
        {
            "tweet_id": "1391727613568110593",
            "tweet": "@kunalkamra88 i liked the backgroung score of cawing"
        },
        {
            "tweet_id": "1391727654940729344",
            "tweet": "@kunalkamra88 This is going to continue till Lala Ramdev opens a bottling plant of mini oxygen cylinders. Then Lalaji will say \"one must fill one's lungs with \"Himalayan Oxygen\". \nThe cost of each \"air\" filled OXYGEN cylinder will be astronomical! \nGovt shall promote those cylinders!\nPeace \ud83d\ude4f https://t.co/s7SvtclP5W"
        },
        {
            "tweet_id": "1391727736943616000",
            "tweet": "@kunalkamra88 Dabur, #Patanjali among 13 brands adulterating honey with sugar syrup: CSE study - Business News. https://t.co/hjq8OcFEzq"
        },
        {
            "tweet_id": "1391727763330117632",
            "tweet": "@kunalkamra88 \u092f\u0939 \u091a\u0942\u0924\u093f\u092f\u093e \u092c\u093e\u092c\u093e \u0939\u0948\u0902\u0964\u0964\u0964\u0964\u0964"
        },
        {
            "tweet_id": "1391727913918029825",
            "tweet": "@kunalkamra88 #Honey samples from brands such as Dabur, #Patanjali, Baidyanath, Zandu, Hitkari and Apis Himalaya, all failed the internationally accepted Nuclear Magnetic Resonance Spectroscopy or NMR test, CSE said in its report.\nhttps://t.co/sWB8QLwwqk"
        },
        {
            "tweet_id": "1391727948546252801",
            "tweet": "@kunalkamra88 Hamare yeh chu... Ki kami nahi"
        },
        {
            "tweet_id": "1391727994712981513",
            "tweet": "@kunalkamra88 Ye paune do ankh ka bhadwa jahaa kahi ki mil gaya ... haramkhor ko joote phenk ke maarunga"
        },
        {
            "tweet_id": "1391728058139172868",
            "tweet": "@kunalkamra88 #boycotttwitter"
        },
        {
            "tweet_id": "1391728058671894535",
            "tweet": "@kunalkamra88 Bhai pehle khud hai isko Tatti bol rahe ho aur uske baad tatti dekhne ko bhi bol rahe ho, nahi dekhna,\ud83e\udd23\ud83e\udd23\ud83e\udd23\ud83e\udd23"
        },
        {
            "tweet_id": "1391728112224940036",
            "tweet": "@kunalkamra88 Baba Churidar Dev Rocks again"
        },
        {
            "tweet_id": "1391728166109171712",
            "tweet": "@kunalkamra88 \ud83e\udd26\ud83e\udd26"
        },
        {
            "tweet_id": "1391728183758757891",
            "tweet": "@kunalkamra88 \u0907\u0938\u0915\u0940 **** \u092e\u0947\u0902 \u0913\u0930\u093f\u091c\u093f\u0928\u0932 \u0932\u0902\u092c\u0947 \u0935\u093e\u0932\u093e \u0920\u0942\u0901\u0938 \u0926\u094b"
        },
        {
            "tweet_id": "1391728504585084933",
            "tweet": "@kunalkamra88 Pathetic"
        },
        {
            "tweet_id": "1391728523195207683",
            "tweet": "@kunalkamra88 Ha ha ha\ud83e\udd23\ud83e\udd23"
        },
        {
            "tweet_id": "1391728554363129858",
            "tweet": "@kunalkamra88 And this Shit is promoted by.........?"
        },
        {
            "tweet_id": "1391728614551527425",
            "tweet": "@kunalkamra88 He's frustrated as fingers are been pointed at papa"
        },
        {
            "tweet_id": "1391728799239196672",
            "tweet": "@kunalkamra88 And the worst part is there are people who defend this \ud83d\ude33\ud83d\ude33\ud83d\ude33"
        },
        {
            "tweet_id": "1391728817547333632",
            "tweet": "@kunalkamra88 Bhakto ke paale baba hai aaj bhi aagad bhakti hai logo ki"
        },
        {
            "tweet_id": "1391728884014489600",
            "tweet": "@kunalkamra88 gentle reminder: the video was just a distraction and the text was refering to the profile picture."
        },
        {
            "tweet_id": "1391728987160809475",
            "tweet": "@kunalkamra88 U should be thankful to him that he informed you that u breathe in from your nose and u will get oxygen from atmosphere if he won\u2019t have told we all would have died in search of oxygen Kunal don\u2019t be so ungrateful I am thinking to propose his name for noble prize",
            "replies": [
                {
                    "tweet_id": "1391925261130637314",
                    "tweet": "@Aashish40284280 @kunalkamra88 Hahahahahaha..."
                },
                {
                    "tweet_id": "1391730144197238787",
                    "tweet": "@Aashish40284280 @kunalkamra88 \ud83d\ude01\ud83d\ude00\ud83d\ude02"
                }
            ]
        },
        {
            "tweet_id": "1391729438988013570",
            "tweet": "@kunalkamra88 A  fellow who takes his partner to hospital and gives this Gyan to others .Also if he has the guts let him say the same thing outside hospitals where patients are struggling. He will get a pasting that he will find Ram lila episode childlike."
        },
        {
            "tweet_id": "1391729467580506114",
            "tweet": "@kunalkamra88 For you only OSHo makes sense ?"
        },
        {
            "tweet_id": "1391729565693747201",
            "tweet": "@kunalkamra88 Jai ho..\ud83e\udd23\ud83e\udd23\ud83e\udd23"
        },
        {
            "tweet_id": "1391729636921339907",
            "tweet": "@kunalkamra88 Baba apni alag hi trip mein."
        },
        {
            "tweet_id": "1391729777191526403",
            "tweet": "@kunalkamra88 He is black fungus!"
        },
        {
            "tweet_id": "1391729815393210377",
            "tweet": "@kunalkamra88 \u092d\u093e\u0930\u0924 \u0915\u0947 \u0932\u094b\u0917 \u0916\u0941\u0926 \u0907\u0938 \u0939\u093e\u0932\u093e\u0924 \u0915\u0947 \u091c\u093f\u092e\u094d\u092e\u0947\u0926\u093e\u0930 \u0939\u0948 \u0915\u094d\u092f\u094b\u0902\u0915\u093f \u0935\u094b\u091f \u0938\u092c\u0928\u0947 \u092f\u0947 \u091c\u093e\u0928\u0924\u0947 \u0939\u0941\u090f \u0926\u093f\u092f\u093e \u0925\u093e \u0915\u0940 \u0935\u094b \u090f\u0915 \u091c\u093e\u0939\u093f\u0932 \u0915\u094b \u091a\u0941\u0928 \u0930\u0939\u0947 \u0939\u0948"
        },
        {
            "tweet_id": "1391729821797937156",
            "tweet": "@kunalkamra88 Kunal you don't have any work. Getting bored with your post. I thought you post will have some humour."
        },
        {
            "tweet_id": "1391729838122102788",
            "tweet": "@kunalkamra88 \u0907\u0924\u0928\u093e \u092c\u0947\u0936\u0930\u094d\u092e \u0907\u0902\u0938\u093e\u0928 \u0928\u0939\u0940\u0902 \u0926\u0947\u0916\u093e, BJP \u0928\u0947 \u092c\u093e\u092c\u093e \u0938\u0947 \u092c\u093f\u091c\u0928\u0947\u0938 \u092e\u0948\u0928 \u091c\u094b \u092c\u0928\u093e \u0926\u093f\u092f\u093e, \u0938\u093e\u0939\u0947\u092c \u0915\u094b \u092c\u091a\u093e\u0928\u0947 \u0915\u0947 \u0932\u093f\u090f, \u0915\u0941\u091b \u092d\u0940 \u092c\u0915\u0947\u0917\u093e \ud83d\ude37\ud83d\ude2c"
        },
        {
            "tweet_id": "1391730143983325186",
            "tweet": "@kunalkamra88 Totally shit https://t.co/3NCJ5eqk9u",
            "replies": [
                {
                    "tweet_id": "1392414760570863617",
                    "tweet": "@MohammadIshtyak @kunalkamra88 follow kre ji plzz \ud83d\ude4f"
                }
            ]
        },
        {
            "tweet_id": "1391730159162585091",
            "tweet": "@kunalkamra88 Fucking shit. My God never seen shit like that.."
        },
        {
            "tweet_id": "1391730215789875202",
            "tweet": "@kunalkamra88 Baba ko vaccine na lgaye, baba k paas do cylinder hai. unki coronil ka injection lgna chahiye, by chance agr baba ko corona hua to.. baukhlaya baba\ud83e\udd23\ud83e\udd23\ud83e\udd23"
        },
        {
            "tweet_id": "1391730305493438466",
            "tweet": "@kunalkamra88 To bhai tumne kya expect kiya tha inse. Ye science ko apne Ghode pe rakhte hai."
        },
        {
            "tweet_id": "1391730377421508609",
            "tweet": "@kunalkamra88 It is coz of people like him and Modi ji, India is \u201ccontributing\u201d 50% of global COVID-19 cases on a daily basis. \n\nHari Om!"
        },
        {
            "tweet_id": "1391730753445064714",
            "tweet": "@kunalkamra88 \ud83d\ude02\ud83d\ude02\ud83d\ude02"
        },
        {
            "tweet_id": "1391730809837600773",
            "tweet": "@kunalkamra88 \u0907\u0902\u0938\u0947\u0902\u0938\u093f\u091f\u093f\u0935 \u0928\u0939\u0940\u0902 \u091a\u0941\u0924\u0940\u092f\u093e \u0939\u0948 \u092f\u0947 \u0938\u093e\u0932\u093e \u0930\u0923\u094d\u0921\u0935\u093e \u0915\u093e\u092e\u0926\u0947\u0935 @yogrishiramdev"
        },
        {
            "tweet_id": "1391730825591365639",
            "tweet": "@kunalkamra88 Kati \u201cTejasvi\u201d ho re baba :P"
        },
        {
            "tweet_id": "1391731083817799683",
            "tweet": "@kunalkamra88 Damage control ke liye aise hutiyon ka hi use hoga na pata yaha bhut bewkuf bhakt baithe hue hai"
        },
        {
            "tweet_id": "1391731092797878276",
            "tweet": "@kunalkamra88 \ud83d\ude02\ud83d\ude02\ud83d\ude02\ud83d\ude02"
        },
        {
            "tweet_id": "1391731128583684097",
            "tweet": "@kunalkamra88 Its about time he should be jailed for spreading fake information this bluntly \n\nThis is literally playing with people's lives and he's NOT doing it for the first time\ud83d\ude21 https://t.co/UUvM3bTEQj"
        },
        {
            "tweet_id": "1391731134724120584",
            "tweet": "@kunalkamra88 \ud83e\udd14\ud83e\udd14\ud83e\udd14 https://t.co/ZXGA5UrSjN",
            "replies": [
                {
                    "tweet_id": "1391778197226721281",
                    "tweet": "@Tapan_999 @kunalkamra88 Holy shit. This is savage. \ud83d\ude02\ud83d\ude02\ud83d\ude02"
                },
                {
                    "tweet_id": "1391817034166542337",
                    "tweet": "@Tapan_999 @kunalkamra88 Hamara wala to apne lie mahal banwa raha hai, wo v 20000 cr wali"
                }
            ]
        },
        {
            "tweet_id": "1391731508965085191",
            "tweet": "@kunalkamra88 Frustrated person"
        },
        {
            "tweet_id": "1391731552829067266",
            "tweet": "@kunalkamra88 \ud83d\ude09\ud83d\ude00 https://t.co/GdHTh6TASE",
            "replies": [
                {
                    "tweet_id": "1391832588994502659",
                    "tweet": "@Tapan_999 @kunalkamra88 ,\ud83d\ude02\ud83d\ude02\ud83d\ude02"
                }
            ]
        },
        {
            "tweet_id": "1391731670601011207",
            "tweet": "@kunalkamra88 \u0939\u092e\u093e\u0930\u0947 \u0926\u0947\u0936 \u092e\u0947\u0902 \u0910\u0938\u0947 \u0907\u0902\u0938\u093e\u0928\u094b \u0915\u094b @TajinderBagga \u0915\u0947 \u0917\u0941\u0930\u0941 \u0917\u094b\u092c\u0930\u091a\u093e\u092a  \u0915\u0947 \u0928\u093e\u092e \u0938\u0947 \u0938\u092e\u094d\u092d\u094b\u0926\u093f\u0924 \u0915\u0930\u0924\u0947 \u0939\u0948"
        },
        {
            "tweet_id": "1391731907617071107",
            "tweet": "@di5tan I've got you, boss. Your download's at https://t.co/0mIR80E4ws.\n\nPsst...you're awesome!\ud83e\udd17"
        },
        {
            "tweet_id": "1391732007101554691",
            "tweet": "@kunalkamra88 What kind of man is he??"
        },
        {
            "tweet_id": "1391732008548593666",
            "tweet": "@kunalkamra88 But, you are insecured in the career."
        },
        {
            "tweet_id": "1391732031927865351",
            "tweet": "@kunalkamra88 Ek gas cylinder iske gand me bitha k chod dena chahiye ramdev baba ki gand fat gayi",
            "replies": [
                {
                    "tweet_id": "1391733928353058821",
                    "tweet": "@fayaz_yazz @kunalkamra88 Bhai Ramzan hai. Kyun sab ka naam kharab karte ho gandi baat kar ke. Aur bhi log criticize kar rahe hain par aapka level itna niche kyun?"
                }
            ]
        }
    ]
}