{
    "tweet_id": "1395690830292160520",
    "tweet": "Religious conversion has become the biggest national challenge in India after terrorism.\n\n#\u0906\u092a\u0926\u093e_\u092e\u0947\u0902_\u0927\u0930\u094d\u092e\u092a\u0930\u093f\u0935\u0930\u094d\u0924\u0928_\u0915\u093e_\u0916\u0947\u0932 https://t.co/qXMGJgAnkL",
    "comments": [
        {
            "tweet_id": "1395727658323898368",
            "tweet": "@XYZ82379421 @srishirajIND Point",
            "replies": [
                {
                    "tweet_id": "1395734769464344582",
                    "tweet": "@Lucky78699622 @XYZ82379421 @srishirajIND No*"
                }
            ]
        },
        {
            "tweet_id": "1395695944583180293",
            "tweet": "@srishirajIND Yes terrorism from Pakistan as well as RSS. I am fed up of it.",
            "replies": [
                {
                    "tweet_id": "1395701560689119235",
                    "tweet": "@suaz47 @srishirajIND Terrorism  from lefrist,  missionaries and jihadies"
                },
                {
                    "tweet_id": "1395770250377908224",
                    "tweet": "@suaz47 @srishirajIND \u092e\u0939\u093e\u092e\u093e\u0930\u0940 \u0915\u0947 \u0938\u092e\u092f \u092c\u0940\u091c\u0947\u092a\u0940 \u0928\u0947 \u0915\u094d\u092f\u094b\u0902 \u092b\u0948\u0932\u093e\u092f\u093e \u091d\u0942\u0920? https://t.co/VKeFVsXDKR"
                }
            ]
        },
        {
            "tweet_id": "1395703843162267648",
            "tweet": "@srishirajIND Accha! Climate Change to gaya, khatam!!",
            "replies": [
                {
                    "tweet_id": "1395770287250034688",
                    "tweet": "@NewGameRocks @srishirajIND \u092e\u0939\u093e\u092e\u093e\u0930\u0940 \u0915\u0947 \u0938\u092e\u092f \u092c\u0940\u091c\u0947\u092a\u0940 \u0928\u0947 \u0915\u094d\u092f\u094b\u0902 \u092b\u0948\u0932\u093e\u092f\u093e \u091d\u0942\u0920? https://t.co/VKeFVsXDKR"
                }
            ]
        },
        {
            "tweet_id": "1395714606278975492",
            "tweet": "@srishirajIND \ud83e\udd23\ud83e\udd23\ud83e\udd23\ud83e\udd23\ud83e\udd23\ud83e\udd23\ud83e\udd23\ud83e\udd23\ud83e\udd23\ud83e\udd23\ud83e\udd23\ud83e\udd23\ud83e\udd23\ud83e\udd23\ud83e\udd23\ud83e\udd23\ud83e\udd23\ud83e\udd23\ud83e\udd23\ud83e\udd23\ud83e\udd23\ud83e\udd23\ud83e\udd23\ud83e\udd23\ud83e\udd23\ud83e\udd23\ud83e\udd23\ud83e\udd23\ud83e\udd23\ud83e\udd23\ud83e\udd23\ud83e\udd23\ud83e\udd23\ud83e\udd23",
            "replies": [
                {
                    "tweet_id": "1395770274625179655",
                    "tweet": "@Radical75519582 @srishirajIND \u092e\u0939\u093e\u092e\u093e\u0930\u0940 \u0915\u0947 \u0938\u092e\u092f \u092c\u0940\u091c\u0947\u092a\u0940 \u0928\u0947 \u0915\u094d\u092f\u094b\u0902 \u092b\u0948\u0932\u093e\u092f\u093e \u091d\u0942\u0920? https://t.co/VKeFVsXDKR"
                }
            ]
        },
        {
            "tweet_id": "1395742992019820552",
            "tweet": "@srishirajIND Ab panditon ki dukaan bnd or paakhnd bhi bnd",
            "replies": [
                {
                    "tweet_id": "1395757723925434378",
                    "tweet": "@AmarSinghDogra5 @srishirajIND Great I am waiting for the day."
                },
                {
                    "tweet_id": "1395746390140063750",
                    "tweet": "@AmarSinghDogra5 @srishirajIND Isaaio se jyada pakhandi koi nahi hota"
                },
                {
                    "tweet_id": "1395770220594171906",
                    "tweet": "@AmarSinghDogra5 @srishirajIND \u092e\u0939\u093e\u092e\u093e\u0930\u0940 \u0915\u0947 \u0938\u092e\u092f \u092c\u0940\u091c\u0947\u092a\u0940 \u0928\u0947 \u0915\u094d\u092f\u094b\u0902 \u092b\u0948\u0932\u093e\u092f\u093e \u091d\u0942\u0920? https://t.co/VKeFVsXDKR"
                }
            ]
        },
        {
            "tweet_id": "1395761960184999939",
            "tweet": "@srishirajIND #\u0906\u092a\u0926\u093e_\u092e\u0947\u0902_\u0927\u0930\u094d\u092e\u092a\u0930\u093f\u0935\u0930\u094d\u0924\u0928_\u0915\u093e_\u0916\u0947\u0932\nBilkul sahi kaha aapne"
        },
        {
            "tweet_id": "1395777126918287365",
            "tweet": "@srishirajIND Kaun Nalle se janme ho be\ud83d\ude02"
        },
        {
            "tweet_id": "1395788538071986181",
            "tweet": "@srishirajIND #\u0906\u092a\u0926\u093e_\u092e\u0947\u0902_\u0927\u0930\u094d\u092e\u092a\u0930\u093f\u0935\u0930\u094d\u0924\u0928_\u0915\u093e_\u0916\u0947\u0932"
        },
        {
            "tweet_id": "1395711732375457793",
            "tweet": "@srishirajIND \u0938\u093f\u0930\u094d\u092b \u090f\u0915 Bill \u0938\u0947 \u092f\u0947 \u0938\u092c \u0916\u0924\u094d\u092e \u0939\u094b \u0938\u0915\u0924\u093e \u0939\u0948\u0964\n\n1. \"Hindu\" \u0915\u093e \u0927\u0930\u094d\u092e \u0928\u0939\u0940 \u092c\u0926\u0932\u093e \u091c\u093e \u0938\u0915\u0924\u093e\u0964\n2. \u0905\u092c \u0938\u0947 \u092e\u0939\u093e\u092d\u093e\u0930\u0924, \u0906\u0926\u093f \u0938\u094d\u0915\u0942\u0932, \u0915\u093e\u0932\u0947\u091c \u092e\u0947\u0902 \u092a\u0922\u093c\u093e \u0938\u0915\u0924\u0947 \u0939\u0948\u0902\u0964\n\n\u092a\u0930 \u0938\u0924\u094d\u0924\u093e \u092e\u0947\u0902 \u0915\u094b\u0908 \u0939\u093f\u0928\u094d\u0926\u0942 \u0939\u094b \u0924\u092c \u0928\u093e \u092c\u093f\u0932 \u0932\u093e\u090f\u0917\u093e\u0964",
            "replies": [
                {
                    "tweet_id": "1395758223303446528",
                    "tweet": "@chauhan_2021 @srishirajIND Haan Sahi Bola satta me to Brahman h koi Hindu HOTA tab na"
                }
            ]
        },
        {
            "tweet_id": "1395766527383818249",
            "tweet": "@srishirajIND Tujhe kya problem h"
        },
        {
            "tweet_id": "1395702035262021635",
            "tweet": "@srishirajIND If someone change his religion by his choose then what is your problem?"
        },
        {
            "tweet_id": "1395717196509110274",
            "tweet": "@srishirajIND Sanghi and chaddi gang is on weed \ud83d\ude02"
        },
        {
            "tweet_id": "1395761623768334338",
            "tweet": "@srishirajIND Can you guys think beyond religion???? Do you seriously think that our national challenge is conversion or terrorism??? Nation lost much more Financially &amp; Nation lost so many lives as compared to terrorism or conversion in Covid. Hindu nahi, Hindustan kharte main hai.\n#bigotry"
        },
        {
            "tweet_id": "1395789615395573760",
            "tweet": "@srishirajIND Log hindu kyu nahi bante"
        },
        {
            "tweet_id": "1395808236272427008",
            "tweet": "@srishirajIND Jab hinduaon ki saaree party even bjp band bajati rahegi to ye sab to hota rahega.\nSabse bada rupaya. Jise koi dena nahi chahta.\nSab dakar jaate hai."
        },
        {
            "tweet_id": "1395743149046198281",
            "tweet": "@srishirajIND Why you guys worries about convertion. It's personal matter,, if someone want to change his faith. Why you people's shows outrage. Question is why does people's wanna converted to another religion. Doesn't it proved weakness of your religion."
        },
        {
            "tweet_id": "1395703314063400962",
            "tweet": "@srishirajIND Me apne bharti sanatani bhai ko kehta ho ke woh ek ishwar kee ibadat kre.\nAur aakhri ishwardoot Mohammed saab ko follow kre.\n\nJis trah Indonesia ke sanatani bhaio ne murti puja reject kiya aur islam apnaya. \nMalaysia/maldives kee bhi yhi  story he .\n\nBhakti sirf ek Allah kee",
            "replies": [
                {
                    "tweet_id": "1395761112134557705",
                    "tweet": "@TheOnlyWayToHu1 @srishirajIND Mohammad saab iswardoot hai sri krishna khud iswar hai sanatani kisi ko convert hone ke liye nahi bolte"
                }
            ]
        },
        {
            "tweet_id": "1395747704295231488",
            "tweet": "@srishirajIND \u0938\u0902\u0918 \u0936\u0915\u094d\u0924\u093f \u0915\u0932\u092f\u0941\u0917\u0947 !\nLet's unite to fight back !!\nLet's get connected to survive !!! @iSaurabhUniyal",
            "replies": [
                {
                    "tweet_id": "1395770262390337536",
                    "tweet": "@iSaurabhUniyal @srishirajIND \u092e\u0939\u093e\u092e\u093e\u0930\u0940 \u0915\u0947 \u0938\u092e\u092f \u092c\u0940\u091c\u0947\u092a\u0940 \u0928\u0947 \u0915\u094d\u092f\u094b\u0902 \u092b\u0948\u0932\u093e\u092f\u093e \u091d\u0942\u0920? https://t.co/VKeFVsXDKR"
                }
            ]
        },
        {
            "tweet_id": "1395784738552438787",
            "tweet": "@srishirajIND A/C to their own statements, Christian missionaries converted nearly 1 lakh individuals during the covid epidemic and built more churches than they had in their whole 25-year career in India.\n\nWhy hindus not ask this Q govts?\n#\u0906\u092a\u0926\u093e_\u092e\u0947\u0902_\u0927\u0930\u094d\u092e\u092a\u0930\u093f\u0935\u0930\u094d\u0924\u0928_\u0915\u093e_\u0916\u0947\u0932\n\nhttps://t.co/fKe4kxsWTN"
        },
        {
            "tweet_id": "1395786299831988226",
            "tweet": "@srishirajIND Why do they convert in the first place? If they convert they are not true followers spiritually and port their religion like network based on their material basic needs. If you don't want them to convert then fulfill their needs."
        },
        {
            "tweet_id": "1395808250461786113",
            "tweet": "@srishirajIND Well my frnd what they (person who are converted to other religions ) don't murder or do bad stuff they are just people who seek a love form any one if u wish to spread Ur religion plz spread it by love people will follow u don't blame others - by atheist (me)"
        },
        {
            "tweet_id": "1395861780937670661",
            "tweet": "@srishirajIND I don't understand when crisis time of feeding these poor down caste people, so-called upper caste hide somewhere in caves,but when the matter of conversion, they come to the forefront...why you let the time come that allow anyone find chance to lure...you too are opportunist.."
        },
        {
            "tweet_id": "1396084722036469763",
            "tweet": "@srishirajIND \u0938\u0924\u094d\u092f\u092e\u0947\u0935 \u091c\u092f\u0924\u0947\u0964 \u091c\u093e\u0917\u0947 \u0939\u0930 \u0939\u093f\u0902\u0926\u0942...\ud83d\udea9 https://t.co/kNL64ThCyg"
        }
    ]
}