{
    "tweet_id": "1390378715360612357",
    "tweet": "Please identify and admonish bigots. Bigotry does not deserve love or forgiveness. It deserves our utmost honesty and fearlessness. If you don't oppose a bigot, tomorrow he will become CM and put you in jail or worse for voicing your freedom and your mind.\n\nDon't be kind to evil.",
    "comments": [
        {
            "tweet_id": "1390378950421975041",
            "tweet": "@Actor_Siddharth Tejasvi Surya is a BIGOT",
            "replies": [
                {
                    "tweet_id": "1390926920183783426",
                    "tweet": "@TweeTanveer @Actor_Siddharth Why he is working in simply superb in corona time and arrested the criminals those who locked beds for money"
                },
                {
                    "tweet_id": "1390379443336540162",
                    "tweet": "@TweeTanveer @Actor_Siddharth You also piger"
                },
                {
                    "tweet_id": "1390383899323244545",
                    "tweet": "@TweeTanveer @Actor_Siddharth Cal him Diaper Surya \ud83d\ude02"
                },
                {
                    "tweet_id": "1390549633965850625",
                    "tweet": "@TweeTanveer @Actor_Siddharth Such a dumb always you people were talking different here discussion is what and you are telling what don\u2019t divert the attention"
                },
                {
                    "tweet_id": "1390657642645757952",
                    "tweet": "@TweeTanveer @Actor_Siddharth Everyone in the whole world knows who are  bigots and what's written in the book. go get lost"
                }
            ]
        },
        {
            "tweet_id": "1390378957850169344",
            "tweet": "@Actor_Siddharth Great thoughts Sid \nRise above all hatred and fight on"
        },
        {
            "tweet_id": "1390379148858691588",
            "tweet": "@Actor_Siddharth If he became CM,, ur the first person to cry \ud83d\ude22"
        },
        {
            "tweet_id": "1390379164608335872",
            "tweet": "@Actor_Siddharth Yogi is bigot"
        },
        {
            "tweet_id": "1390379336054624258",
            "tweet": "@Actor_Siddharth Bhai kitni bakchodi karega",
            "replies": [
                {
                    "tweet_id": "1402243216141807616",
                    "tweet": "@Upwaleybhaiya @Actor_Siddharth ...https://t.co/sRDzgd0kqE ...sir , kindly give your feedback for my short film made on COVID awareness.."
                }
            ]
        },
        {
            "tweet_id": "1390379475574001665",
            "tweet": "@Actor_Siddharth Ur a hero in movie but he is the hero in public,,,",
            "replies": [
                {
                    "tweet_id": "1390381689357099018",
                    "tweet": "@wuhanviruss @Actor_Siddharth Full of hatred hero https://t.co/rIhM7qwZrx"
                }
            ]
        },
        {
            "tweet_id": "1390379707762282496",
            "tweet": "@Actor_Siddharth Thanks for speaking against mamta banerjee \ud83d\ude4f",
            "replies": [
                {
                    "tweet_id": "1390381304529625088",
                    "tweet": "@LotusBlooms_04 @Actor_Siddharth This bugger Doesn't know the difference btw He and She?? \ud83d\ude06\ud83d\ude06\ud83d\ude06"
                }
            ]
        },
        {
            "tweet_id": "1390380272273694721",
            "tweet": "@Actor_Siddharth You said \ud83d\udcaf right Sir But people like these types people \nAnd one is the Health Minister who is sitting With Whol Gang\n in Bengal silence And everyone knows who is organizing  riot https://t.co/irNjyxTmHO",
            "replies": [
                {
                    "tweet_id": "1390426095581806593",
                    "tweet": "@wasiullahkhan9 @Actor_Siddharth Health minister seems use less to be very honest."
                },
                {
                    "tweet_id": "1390991026270130176",
                    "tweet": "@vinodkumarnarra @wasiullahkhan9 @Actor_Siddharth Yes, bjp is orchestrating riots there and spreading fake videos of past years, got exposed and like Delhi, after fiasco in rustings, they are rioting up in Bengal too"
                },
                {
                    "tweet_id": "1390658770473082884",
                    "tweet": "@wasiullahkhan9 @Actor_Siddharth do u support pakisthanis Bangladeshis Rohingyas entering india? And killing innocent people here.answer me?"
                },
                {
                    "tweet_id": "1390646261599019018",
                    "tweet": "@wasiullahkhan9 @Actor_Siddharth You mean to say BJP organized WB riots and killing their own volunteers and raping them also. You are a pig 100%"
                },
                {
                    "tweet_id": "1402243062831616001",
                    "tweet": "@wasiullahkhan9 @Actor_Siddharth ...https://t.co/sRDzgd0kqE ...sir , kindly give your feedback for my short film made on COVID awareness.."
                }
            ]
        },
        {
            "tweet_id": "1390380582425698305",
            "tweet": "@Actor_Siddharth Do you notice the irony in your statement siddharth.......this one-sided narrative will destroy whatever good faith you have among general cinegoers.....buckle up .",
            "replies": [
                {
                    "tweet_id": "1390384816697208832",
                    "tweet": "@KharadeShriram @Actor_Siddharth One sided ?  \u092c\u094d\u0930\u0948\u0902\u0921\u0947\u0921 cult had been buit up by RSS, Media, Actors, Businessmen to make him look \n \" Messiha \" \n\u0939\u093f\u0902\u0926\u0942 \u0939\u094d\u0930\u0926\u092f \u0938\u092e\u094d\u0930\u093e\u091f \nEvery thing what he did including genocide was \u092e\u093e\u0938\u094d\u091f\u0930 \u0938\u094d\u091f\u094d\u0930\u094b\u0915 \nNow it is your turn\nCOVID sees no religion"
                }
            ]
        },
        {
            "tweet_id": "1390381342509080576",
            "tweet": "@Actor_Siddharth Congratulations dude ...\nGiving a voice against injustice is the best virtue !! https://t.co/yJ15Ik3igO",
            "replies": [
                {
                    "tweet_id": "1402243086126784519",
                    "tweet": "@KuthoosSheik @Actor_Siddharth ...https://t.co/sRDzgd0kqE ...sir , kindly give your feedback for my short film made on COVID awareness.."
                },
                {
                    "tweet_id": "1390749246542942209",
                    "tweet": "@KuthoosSheik @Actor_Siddharth He himself is a bigot, he didn't reply to communal hatred in Islam https://t.co/rzMn7jjOH7"
                }
            ]
        },
        {
            "tweet_id": "1390381819913117697",
            "tweet": "@Actor_Siddharth Bhakton ki duniyaa alag he baba. Its all andbhakts."
        },
        {
            "tweet_id": "1390381855824773122",
            "tweet": "@Actor_Siddharth Amd if you want to oppose him just schedule a stage and invite him to discuss/debate f2f. He'll spare you and your agenda with ease with his smiling face!",
            "replies": [
                {
                    "tweet_id": "1394260327852699649",
                    "tweet": "@Manusharps @Actor_Siddharth Like swara blabbed earlier in the stage"
                }
            ]
        },
        {
            "tweet_id": "1390382848100687873",
            "tweet": "@Actor_Siddharth You are real and reel life Bhagat Singh",
            "replies": [
                {
                    "tweet_id": "1391099005099151365",
                    "tweet": "@asg3073 @Actor_Siddharth Hmm bhagat singh won't bark for leg pieces like him.."
                },
                {
                    "tweet_id": "1391062106619858948",
                    "tweet": "@asg3073 @Actor_Siddharth What an insult to veer Bhagat Singh. This bigot doesn\u2019t deserve that."
                }
            ]
        },
        {
            "tweet_id": "1390389419459309570",
            "tweet": "@Actor_Siddharth Self Goal?",
            "replies": [
                {
                    "tweet_id": "1390401924386615299",
                    "tweet": "@tooth_maniac @Actor_Siddharth That's why he needs people like you (WITHOUT A FACE AND A NAME) to protect it\ud83d\ude05\ud83d\ude05\ud83d\ude05"
                },
                {
                    "tweet_id": "1390390028518400004",
                    "tweet": "@vagishasoni @Actor_Siddharth He is referring to Miskeens (Momins of India) &amp; he is right"
                }
            ]
        },
        {
            "tweet_id": "1390462166780809222",
            "tweet": "@Actor_Siddharth What it takes 2 be critical of incorrect policies/inefficiency of the Govt? \n\nA little courage, rational thought, honesty, steadfastness &amp; of course a SPINE! \n\nMore power to you\n\n@Actor_Siddharth @svaradarajan @ravishndtv @BDUTT @taapsee @drkafeelkhan \n\n https://t.co/cRla9zgu5z",
            "replies": [
                {
                    "tweet_id": "1390911870404464642",
                    "tweet": "@ibrahim_4831 @Actor_Siddharth @svaradarajan @ravishndtv @BDUTT @taapsee @drkafeelkhan All the theives at one place\ud83d\ude02\ud83d\ude02"
                }
            ]
        },
        {
            "tweet_id": "1390514826061893632",
            "tweet": "@Actor_Siddharth \u0924\u0941\u092e\u094d\u0939\u093e\u0930\u0940 \u0935\u094b\u091f \u092c\u0947\u091a\u0928\u0947 \u0915\u0940 \u0915\u0940\u092e\u0924 \u0924\u0941\u092e\u094d\u0939\u093e\u0930\u0947 \u092c\u091a\u094d\u091a\u094b\u0902 \u0915\u094b \u092d\u0941\u0917\u0924\u0928\u0940 \u092a\u0921 \u0930\u0939\u0940 \u0939\u0948\u0964\n\u092c\u0947\u091f\u0947 \u092c\u0947\u0930\u094b\u091c\u0917\u093e\u0930\u0940 \u0938\u0947 \u092e\u0930 \u0930\u0939\u0947 \u0939\u0948.\n\u0914\u0930 \u092c\u0947\u091f\u093f\u092f\u093e\u0902 \u092c\u0932\u093e\u0924\u094d\u0915\u093e\u0930 \u0938\u0947\n\u091c\u0928\u0924\u093e \u0915\u094b\u0930\u094b\u0928\u093e\u0935\u093e\u092f\u0930\u0938 \u0938\u0947' I"
        },
        {
            "tweet_id": "1390530226073968640",
            "tweet": "@Actor_Siddharth BJP have to be abolished from this Planet",
            "replies": [
                {
                    "tweet_id": "1390928424529657857",
                    "tweet": "@RMattula @Actor_Siddharth Like you people have to be wash out from the planet\ud83d\ude02"
                }
            ]
        },
        {
            "tweet_id": "1390549309293268993",
            "tweet": "@Actor_Siddharth Brother.. how to stop Mamatha ji in West Bengal.. as soon as she came to power started showing her real face and look at the atrocities her party is doing in the last 3-4 days ??? \ud83d\ude44",
            "replies": [
                {
                    "tweet_id": "1390582609105899523",
                    "tweet": "@kishoresuriset1 @Actor_Siddharth He won't care, after congress and communist's statement abt WB also he was backing her ny saying it's by BJP, as he only admitted he is South swara"
                }
            ]
        },
        {
            "tweet_id": "1390557210648858626",
            "tweet": "@Actor_Siddharth Tejasvi  sir will be next CM ... God bless him ..",
            "replies": [
                {
                    "tweet_id": "1390643605031641099",
                    "tweet": "@Actor_Siddharth I mean tejasvi surya sir"
                }
            ]
        },
        {
            "tweet_id": "1390585291056975874",
            "tweet": "@Actor_Siddharth Wake up Hindus learn. don't be kind to devil.",
            "replies": [
                {
                    "tweet_id": "1391279441846833155",
                    "tweet": "@BhatiaCrish @Actor_Siddharth Siddharth the devil sits with Amer Khan all the time to abuse Modi and India because he was rejected by Soha Ali Khan for his cheap character \ud83d\ude0f"
                }
            ]
        },
        {
            "tweet_id": "1390595657317109760",
            "tweet": "@Actor_Siddharth Bsdk,first get urself clarity on bigotry \nhttps://t.co/97H1FUo5yU https://t.co/qHDXRfDp59"
        },
        {
            "tweet_id": "1390598496638566401",
            "tweet": "@Actor_Siddharth \u091a\u092e\u0928 \u0939\u0948 \u092f\u0947 \u0932\u094c\u0902\u0921\u093e, \u0938\u092e\u091d \u0932\u094b \u0938\u093e\u0930\u0947"
        },
        {
            "tweet_id": "1390644703087927304",
            "tweet": "@Actor_Siddharth Done mistake by watching your movies wasted my valuable pocket money, I used to watch almost all your movies, Will pray God to execuse my sin.",
            "replies": [
                {
                    "tweet_id": "1390922444609712132",
                    "tweet": "@MallikPurra @Actor_Siddharth Same here bro"
                }
            ]
        }
    ]
}