{
    "tweet_id": "1390245301579968512",
    "tweet": "Wow !!!!!!!! @BJP4India IT cell are pathological liars! And very sore losers! #Bengal",
    "comments": [
        {
            "tweet_id": "1390245476088238081",
            "tweet": "@ReallySwara @BJP4India @jigneshmevani80 she is missing u"
        },
        {
            "tweet_id": "1390245800274317315",
            "tweet": "@ReallySwara @BJP4India Chup hoja",
            "replies": [
                {
                    "tweet_id": "1390249468151226371",
                    "tweet": "@vicks_goli @ReallySwara @BJP4India M follow nhi krta re bs isko bolne ka mn krta h toh aa jaata hu"
                }
            ]
        },
        {
            "tweet_id": "1390249783416090628",
            "tweet": "@ReallySwara @BJP4India \u091c\u092c \u0926\u093f\u0932\u094d\u0932\u0940 \u092e\u0947\u0902 \u091c\u0928\u0924\u093e \u0915\u094b \u0915\u0939\u0940\u0902 \u0911\u0915\u094d\u0938\u093f\u091c\u0928 \u0928\u0939\u0940\u0902 \u092e\u093f\u0932 \u0930\u0939\u093e \u0924\u094b AAP \u0915\u0947 \u0935\u093f\u0927\u093e\u092f\u0915 \u0915\u094b \u0911\u0915\u094d\u0938\u093f\u091c\u0928 \u0915\u0939\u093e\u0901 \u0938\u0947 \u092e\u093f\u0932 \u0930\u0939\u0940 \u0939\u0948 ?  \u0926\u093f\u0932\u094d\u0932\u0940 \u092e\u0947\u0902 \u0911\u0915\u094d\u0938\u093f\u091c\u0928 \u0915\u0940 \u0915\u092e\u0940 \u0915\u0940 \u0938\u092c\u0938\u0947 \u092c\u0921\u093c\u0940 \u0935\u091c\u0939 AAP \u0928\u0947\u0924\u093e\u0913\u0902 \u0915\u0940 \u091c\u092e\u093e\u0916\u094b\u0930\u0940 \u0939\u0948\u0964 https://t.co/5qY1ATr4Tr",
            "replies": [
                {
                    "tweet_id": "1391245144557375488",
                    "tweet": "@HardikMaiyani1 @ReallySwara @BJP4India Yeh dikta nahi bhai"
                }
            ]
        },
        {
            "tweet_id": "1390257033023168512",
            "tweet": "@ReallySwara @BJP4India Bhartiya jhoota party....."
        },
        {
            "tweet_id": "1390258448953053188",
            "tweet": "@ReallySwara @BJP4India Dont know which weed is being supplied to these IT cell people.... must be very strong .. https://t.co/s93pNkLDVX",
            "replies": [
                {
                    "tweet_id": "1390307549623164929",
                    "tweet": "@iaammaann @ReallySwara @BJP4India Fake news hai...it's not official account..\ud83d\ude02..fake account..."
                }
            ]
        },
        {
            "tweet_id": "1390271086202327043",
            "tweet": "@ReallySwara @BJP4India Moral of the story : stop posting photos on social media.\n\nToday thy declare u dead, 2row thy will declare smbody terrorist and silsilla chalte rahega.",
            "replies": [
                {
                    "tweet_id": "1390306010686890003",
                    "tweet": "@MK2azi @ReallySwara @BJP4India \ud83d\ude02\ud83d\ude02\ud83d\ude02news hi fake hai...or @ReallySwara \nBas ithna pata hai ki..itne darvane provisions hai...\ud83d\ude02\ud83d\ude02.. what's app knowledge..."
                },
                {
                    "tweet_id": "1390552861163937792",
                    "tweet": "@MK2azi @ReallySwara @BJP4India Moral of the story.. Stop believe BJP and its supporters.."
                },
                {
                    "tweet_id": "1390578199457935364",
                    "tweet": "@MK2azi @ReallySwara @BJP4India Mullo tumse har lash ka badla liya jayega"
                },
                {
                    "tweet_id": "1390351425595604995",
                    "tweet": "@MK2azi @ReallySwara @BJP4India On Thursday, the West Bengal BJP issued a statement in response to the erroneous portrayal of an India Today journalist as a victim of the post-poll violence in Bengal. The party said the error was due to a \"hyperlink\"."
                }
            ]
        },
        {
            "tweet_id": "1390277067447562244",
            "tweet": "@ReallySwara @BJP4India Pathological \ud83e\udd23\ud83e\udd23\ud83e\udd23\ud83e\udd23\ud83e\udd23\ud83e\udd23"
        },
        {
            "tweet_id": "1390280767498952708",
            "tweet": "@ReallySwara @BJP4India Swara ji, I and you did,'t went to Bengal, we are seeing the news on all news channels. Think brodely, I am not an strong supporter of BJP but what is the option of Modi, Congress party is around the Gandhi family and people dislike them.",
            "replies": [
                {
                    "tweet_id": "1390719659704418306",
                    "tweet": "@jeevanpandits @ReallySwara @BJP4India When there is a tumor you don't think of an alternative. You remove the tumor"
                }
            ]
        },
        {
            "tweet_id": "1390281287814946825",
            "tweet": "@ReallySwara @BJP4India Think twice while speaking"
        },
        {
            "tweet_id": "1390290703398342665",
            "tweet": "@ReallySwara @BJP4India WB Govt should file case against these hate mongers n fake news spreader"
        },
        {
            "tweet_id": "1390292806963367937",
            "tweet": "@ReallySwara @BJP4India Apse jaida umid bhi kya kr sakte ...bengal mee jo ho raha hai ager bjp sasit rajye mee hota to kud pri hoti.  Sarm kro sarm  ....\ud83d\ude21\ud83d\ude21\ud83d\ude21"
        },
        {
            "tweet_id": "1390303039865585673",
            "tweet": "@ReallySwara @BJP4India Dayan mamata"
        },
        {
            "tweet_id": "1390307215538487299",
            "tweet": "@ReallySwara @BJP4India \u091a\u0941\u092a landi"
        },
        {
            "tweet_id": "1390309246420406272",
            "tweet": "@ReallySwara @BJP4India \u0905\u092c\u0947 \u090f\u0915 \u0917\u0932\u0924\u0940 \u092a\u0915\u0921\u093c \u0915\u0947 \u0909\u0921\u093c \u0930\u0939\u0940 \u0939\u0948\u0964\n\u092c\u093e\u0915\u0940 \u0928\u091c\u0930 \u0928\u0939\u0940 \u0906 \u0930\u0939\u093e \u0915\u094d\u092f\u093e? \n\n\u0932\u0921\u093c\u0915\u0940 \u0939\u094b \u0928 \u0915\u092e \u0938\u0947 \u0915\u092e \u0909\u0938 \u0932\u0921\u093c\u0915\u0940 \u0915\u093e \u0924\u094b \u092a\u0940\u0921\u093c\u093e \u0938\u092e\u091d\u094b\u0964 \n\n\u0925\u0942 \u0939\u094b \u0924\u0941\u092e \u0938\u092e\u093e\u091c \u0915\u0947 \u0928\u093e\u092e \u092a\u0947\n\n\u0915\u0932\u0902\u0915 \u0939\u094b \u0915\u0932\u0902\u0915\u0964\n\u091b\u0940",
            "replies": [
                {
                    "tweet_id": "1390345420358897664",
                    "tweet": "@NIPUNRAMAN @ReallySwara @BJP4India Yes definitely bitch hai yeh"
                }
            ]
        },
        {
            "tweet_id": "1390311641942683652",
            "tweet": "@ReallySwara @BJP4India \ud83e\udd23\ud83e\udd23\ud83e\udd23\ud83e\udd23\ud83e\udd23BJP is more dangerous then corona..."
        },
        {
            "tweet_id": "1390312103840419841",
            "tweet": "@ReallySwara @BJP4India Literally shameful and completely exposed"
        },
        {
            "tweet_id": "1390318033386672132",
            "tweet": "@ReallySwara @BJP4India \u0935\u094b \u0924\u094b \u0920\u0940\u0915 \u0939\u0948, \n\u092e\u0917\u0930 \u0905\u092c \u0924\u094b \u0905\u092a\u0928\u0940 \u0938\u0939\u0940 \u0909\u092e\u094d\u0930 \u092c\u0924\u093e \u0926\u094b\u0964 \n\u0935\u094b \u090f\u0915 \u0915\u094d\u0930\u093e\u0902\u0924\u093f\u0915\u093e\u0930\u0940 \u0932\u0921\u093c\u0915\u093e \u0926\u0947\u0916\u093e \u0939\u0948 \u0906\u092a\u0915\u0947 \u0932\u093f\u090f \n\u0928\u093e\u092e \u0924\u094b \u0938\u0941\u0928\u093e \u0939\u0940 \u0939\u094b\u0917\u093e.....\u0930\u093e\u0939\u0941\u0932  \u0964\n\u0909\u092e\u094d\u0930 \u0914\u0930 \u092e\u093e\u0928\u0938\u093f\u0915 \u0930\u0942\u092a \u0938\u0947 \u090f\u0915\u0926\u092e \u0938\u0939\u0940\u0964 \n\u0926\u094b\u0928\u094b\u0902....\u092c\u0947\u0935\u0915\u093c\u0942\u092b\u093c \u0914\u0930 \u091c\u093e\u0939\u093f\u0932\u0964"
        },
        {
            "tweet_id": "1390320446206136326",
            "tweet": "@ReallySwara @BJP4India Hey Swara please remove your name title,\nYou never be Bhaskar"
        },
        {
            "tweet_id": "1390323052840308739",
            "tweet": "@ReallySwara @BJP4India \u092e\u093f\u0926\u0928\u093e\u092a\u0941\u0930 \u092e\u0947\u0902 TMC \u0917\u0941\u0902\u0921\u094b\u0902 \u0915\u093e \u0935\u093f\u0926\u0947\u0936 \u0930\u093e\u091c\u094d\u092f \u092e\u0902\u0924\u094d\u0930\u0940 \u0936\u094d\u0930\u0940 \u092e\u0941\u0930\u0932\u0940\u0927\u0930\u0928 \u0915\u0947 \u0915\u093c\u093e\u092b\u093c\u093f\u0932\u0947 \u092a\u0930 \u0939\u092e\u0932\u093e \n\u0921\u094d\u0930\u093e\u0907\u0935\u0930 \u0915\u093e \u0938\u093f\u0930 \u092b\u0942\u091f\u093e, \u092e\u0902\u0924\u094d\u0930\u0940 \u091c\u0940 \u0915\u094b \u091c\u093e\u0928 \u092c\u091a\u093e \u0915\u0930 \u092d\u093e\u0917\u0928\u093e \u092a\u0921\u093c\u093e \n\n\u091c\u092c \u092d\u093e\u0930\u0924 \u0938\u0930\u0915\u093e\u0930 \u0915\u0947 \u092e\u0902\u0924\u094d\u0930\u0940 \u0938\u0941\u0930\u0915\u094d\u0937\u093f\u0924 \u0928\u0939\u0940\u0902 \u0939\u0948\u0902 \u0924\u094b \u0906\u092e \u0906\u0926\u092e\u0940 \u0915\u0940 \u0915\u094d\u092f\u093e \u0938\u0941\u0930\u0915\u094d\u0937\u093e \u0939\u094b\u0917\u0940..\u0906\u092a \u0905\u0902\u0926\u093e\u091c\u093c \u0932\u0917\u093e \u0938\u0915\u0924\u0947 \u0939\u0948\u0902\u0964 #BangalBurning"
        },
        {
            "tweet_id": "1390323163288928256",
            "tweet": "@ReallySwara @BJP4India \u0939\u093f\u0902\u0926\u0941\u0913\u0902 \u0915\u0940 \u092c\u0947\u0930\u0941\u0916\u0940 \u0915\u0939\u0947\u0902 \u092f\u093e \u0926\u0941\u0930\u094d\u092d\u093e\u0917\u094d\u092f??\n90% \u092c\u0939\u0941\u0938\u0902\u0916\u094d\u092f\u0915 \u0915\u094b \u092a\u0924\u093e \u0939\u0940 \u0928\u0939\u0940\u0902 \u0939\u0948 \u0915\u093f \u0909\u0928\u0915\u093e \u0905\u0938\u0932\u0940 \u0926\u0941\u0936\u094d\u092e\u0928 \u0915\u094c\u0928 \u0939\u0948... \u092a\u0930 100% \u0905\u0932\u094d\u092a\u0938\u0902\u0916\u094d\u092f\u0915\u094b\u0902 \u0915\u094b \u092a\u0924\u093e \u0939\u0948 \u0915\u093f \u0909\u0928\u0915\u094b \u0915\u093f\u0938\u0915\u094b \u0909\u0920\u093e\u0928\u093e \u0939\u0948 \u0914\u0930 \u0915\u093f\u0938\u0915\u094b \u0917\u093f\u0930\u093e\u0928\u093e \u0939\u0948.\n\u0939\u092e \u0939\u093f\u0902\u0926\u0941\u0913\u0902 \u0915\u0940 \u0905\u091c\u094d\u091e\u093e\u0928\u0924\u093e \u0939\u0940 \u0939\u092e\u093e\u0930\u0947 \u092c\u0930\u094d\u092c\u093e\u0926\u0940 \u0915\u093e \u0915\u093e\u0930\u0923 \u092c\u0928 \u0930\u0939\u0940 \u0939\u0948\u0964"
        },
        {
            "tweet_id": "1390327966584905728",
            "tweet": "@ReallySwara @BJP4India \ud83d\ude02\ud83d\ude02\ud83d\ude02"
        },
        {
            "tweet_id": "1390333892633059332",
            "tweet": "@ReallySwara @sadiq_karur @BJP4India They are not Patho-logical  lair.\nThey are AYUSH ministry type lairs.\ud83d\ude1c\ud83d\ude1c"
        },
        {
            "tweet_id": "1390339461003743235",
            "tweet": "@ReallySwara @BJP4India \u091f\u0940\u090f\u092e\u0938\u0940 \u0938\u0947 \u091c\u094b \u0935\u093f\u0927\u093e\u092f\u0915 \u0916\u0930\u0940\u0926\u0947 \u0917\u090f \u0925\u0947 \n\u0935\u094b \u0926\u094b\u092c\u093e\u0930\u093e \u091f\u0940\u090f\u092e\u0938\u0940 \u092e\u0947\u0902 \u0930\u0940\u0938\u0947\u0932 \u0939\u094b \u0917\u090f\ud83e\udd23\ud83d\ude02"
        },
        {
            "tweet_id": "1390341297131585539",
            "tweet": "@ReallySwara @BJP4India Beta swara jara bengal ko BJP ka jheenda leke jana pata chalega tuje"
        },
        {
            "tweet_id": "1390343078091771909",
            "tweet": "@ReallySwara @BJP4India \u092e\u0948\u0921\u092e \u0906\u092a \u091c\u093f\u0938 \u092b\u094b\u091f\u094b \u0915\u094b \u092c\u0924\u093e\u0915\u0930 \u0907\u0924\u0928\u093e \u0909\u091b\u0932 \u0930\u0939\u0940 \u0939\u094b \u092a\u0939\u0932\u0947 \u0926\u0947\u0916 \u0924\u094b \u0932\u094b \u0935\u094b \u092c\u0940\u091c\u0947\u092a\u0940 \u0915\u093e \u0935\u0947\u0930\u093f\u092b\u093e\u0908\u0921 \u092a\u0947\u091c \u0939\u0948 \u092f\u093e \u0928\u0939\u0940\u0902 \n\u092c\u0915\u091a\u094b\u0926\u0940 \u092e\u0924 \u0915\u093f\u092f\u093e \u0915\u0930\u094b"
        },
        {
            "tweet_id": "1390349500678512644",
            "tweet": "@ReallySwara @BJP4India \u0916\u093f\u0938\u093f\u092f\u093e\u0908 \u092c\u093f\u0932\u094d\u0932\u0940 \u0916\u0902\u092c\u093e \u0928\u094b\u091a\u0947\u0964\n\u0907\u0924\u0928\u0940 \u092c\u0921\u093c\u0940 \u091c\u0940\u0924 \u0915\u0947 \u092c\u093e\u0926 \u0915\u094b\u0908 \u092d\u0940 \u0905\u092a\u0928\u0947 \u0930\u093e\u091c\u094d\u092f \u092e\u0947\u0902 \u0926\u0902\u0917\u0947 \u092b\u0938\u093e\u0926 \u0928\u0939\u0940 \u0915\u0930\u0935\u093e\u092f\u0947\u0917\u093e \u092f\u0947 \u0924\u094b \u0939\u093f\u0928\u094d\u0926\u0942 \u092e\u0941\u0938\u094d\u0932\u093f\u092e \u0915\u0930\u0928\u0947 \u0935\u093e\u0932\u094b \u0915\u0947 \u0915\u093e\u092e \u0939\u0948 \u091c\u0940\u0924 \u0928\u0939\u0940 \u092a\u093e\u090f \u0924\u094b \u0915\u094d\u092f\u093e \u0926\u0902\u0917\u0947 \u0915\u0930\u0935\u093e \u0915\u0947 \u0930\u093e\u0937\u094d\u091f\u094d\u0930\u092a\u0924\u093f \u0936\u093e\u0936\u0928 \u0938\u0947 \u0939\u0940 \u0938\u0924\u094d\u0924\u093e \u0939\u093e\u0938\u093f\u0932 \u0915\u0940 \u091c\u093e\u090f \u092f\u0947 \u0935\u094b \u0932\u094b\u0917 \u0939\u0948 \u091c\u094b \u0932\u094b\u0917 \u0906\u091c \u0924\u0915 \u0926\u0947\u0936 \u0915\u094b \u092c\u0947\u0935\u0915\u0942\u092b \u092c\u0928\u093e\u0924\u0947 \u0906\u092f\u0947 \u0939\u0948\u0902\u0964 don't b a fool.",
            "replies": [
                {
                    "tweet_id": "1390508936181149704",
                    "tweet": "@dinesh_bsht20 @ReallySwara @BJP4India This Swara, good for nothing, shez like Kangna part 2 frm the other side. Isko kaam hai nahi, sirf bhadkate rehti hai.. aap log bina samjhe Twitter mein usko impress karte rehte ho. With so much of illiteracy, I strongly feel that we don't deserve democracy. It's anyways a myth."
                },
                {
                    "tweet_id": "1390592718561107972",
                    "tweet": "@dinesh_bsht20 @ReallySwara @BJP4India Tere ghar me jab koi marega tab samjh me ayga tujhe"
                }
            ]
        },
        {
            "tweet_id": "1390355307612708864",
            "tweet": "@ReallySwara @BJP4India \u092c\u0940\u091c\u0947\u092a\u0940 \u0915\u0947 \u0932\u093f\u090f \u0938\u092c\u0938\u0947 \u092c\u0921\u093c\u093e \u092e\u0941\u0926\u094d\u0926\u093e \u092c\u0902\u0917\u093e\u0932 \u0939\u093f\u0902\u0938\u093e \u0939\u0948 \u0915\u094b\u0930\u094b\u0928\u093e \u0928\u0939\u0940 , \u0924\u094b \u0906\u092a \u0938\u092c\u0938\u0947 \u0928\u093f\u0935\u0947\u0926\u0928 \u0939\u0948 \u0915\u093f \u0906\u0930\u093e\u092e \u0938\u0947 \u0915\u0941\u0902\u092d \u092e\u0947\u0932\u0947 \u092e\u0947\u0902 \u091c\u093e\u092f\u0947\u0902 , \u092f\u0947 \u0905\u0932\u0917 \u0935\u093f\u0937\u092f \u0939\u0948 \u0915\u093f \u0939\u093f\u0902\u0938\u093e \u0938\u093f\u0930\u094d\u092b \u0909\u0928\u094d\u0939\u0940\u0902 \u0938\u094d\u0925\u093e\u0928\u094b\u0902 \u092a\u0930 \u0939\u0941\u0908 \u0939\u0948 \u091c\u0939\u093e\u0902 \u092c\u0940\u091c\u0947\u092a\u0940 \u0915\u0948\u0902\u0921\u093f\u0921\u0947\u091f \u091c\u0940\u0924\u0947 \u0939\u0948\u0902 \u0914\u0930 \u0907\u0938 \u0939\u093f\u0902\u0938\u093e \u0915\u0947 \u0932\u093f\u090f \u0915\u094c\u0928 \u091c\u093f\u092e\u094d\u092e\u0947\u0926\u093e\u0930 \u0939\u0948 \u092e\u092e\u0924\u093e \u092c\u0928\u0930\u094d\u091c\u0940 \u092f\u093e \u0930\u093e\u091c\u094d\u092f\u092a\u093e\u0932?"
        },
        {
            "tweet_id": "1390355903136747521",
            "tweet": "@ReallySwara @BJP4India Twitter did a mistake. They should have suspended BJP accounts instead of Kangu"
        },
        {
            "tweet_id": "1390356837145317376",
            "tweet": "@ReallySwara @BJP4India Suara or who ever you are , it's so sad , in these times when people are going through so much stress of the pandemic , you can't think of anything else but this. It displays the kind of upbringing you had. I pity you.",
            "replies": [
                {
                    "tweet_id": "1390613260265680897",
                    "tweet": "@rohithinks @ReallySwara @BJP4India Hahaha...where is our PM... not even thinking of their people rather more involved in Creating scenes...pity you again"
                },
                {
                    "tweet_id": "1390732737108082688",
                    "tweet": "@rohithinks @ReallySwara @BJP4India Rohit or what ever you are she is just showing the mind situation of BJP after defeating by TMC. Every one know that the india is in this situation just because of the election and kumbh mela. But for the andh bhakts difficult to digest it."
                }
            ]
        },
        {
            "tweet_id": "1390364310929649664",
            "tweet": "@ReallySwara @BJP4India Can someone please teach English to her? Her exclamation not in right punctuation \ud83e\udd23\ud83e\udd23"
        },
        {
            "tweet_id": "1390606453254234112",
            "tweet": "@ReallySwara @BJP4India Fkn frauds"
        },
        {
            "tweet_id": "1390706510649384965",
            "tweet": "@ReallySwara @BJP4India Ohh \u0924\u094b \u092f\u0947 \u0939\u0948 \u0935\u094b \u0928\u093e\u0932\u093e \u091c\u0939\u093e\u0901 \u0938\u0947 \u091a\u092e\u091a\u094b\u0902 \u0915\u094b \u0905\u0926\u094d\u092d\u0941\u0924 \u091c\u094d\u091e\u093e\u0928 \u0915\u0940 \u092a\u094d\u0930\u093e\u092a\u094d\u0924\u093f \u0939\u094b\u0924\u0940 \u0939\u0948\u0964 \n\u0938\u0941\u0905\u0930 \u092d\u093e\u0938\u094d\u0915\u0930 = \u091c\u094d\u091e\u093e\u0928 \u0915\u093e \u0928\u093e\u0932\u093e\n\u0930\u0948\u0935\u0940\u091c \u0915\u0941\u092e\u093e\u0930 = \u091c\u094d\u091e\u093e\u0928 \u0915\u093e \u0917\u091f\u0930\n\ud83d\ude01\ud83d\ude01\ud83d\ude01"
        },
        {
            "tweet_id": "1390726004902039556",
            "tweet": "@ReallySwara @BJP4India Kuch kaam karle nakli aurat\ud83d\ude02\ud83e\udd23\ud83e\udd23kuch seva kar desh Mein... Twitter pe har roj hagti rehti hai"
        },
        {
            "tweet_id": "1392728126598246404",
            "tweet": "@ReallySwara @BJP4India And you are the beti of raja Harish Chandra"
        }
    ]
}