{
    "tweet_id": "1391494336534093826",
    "tweet": "Cannot stop thinking about Natasha Narwal. She lost her father. Couldn't see him in his last moments. Still in Tihar jail for resisting against a genocidal bill. \n\nPraying for her and all political prisoners. May Allah end their pains and sufferings. \n\nMore power to you, Natasha!",
    "comments": [
        {
            "tweet_id": "1391494730907734017",
            "tweet": "@SharjeelUsmani Really \ud83d\ude22"
        },
        {
            "tweet_id": "1391495475983962115",
            "tweet": "@SharjeelUsmani \u092c\u0947\u0939\u0926 \u0926\u0941\u0916\u0926 #ReleaseAllPoliticalPrisoners"
        },
        {
            "tweet_id": "1391497109409390594",
            "tweet": "@SharjeelUsmani #IndiaStandsWithPalestine\n#IndiaStandsWithPalestine\n#IndiaStandsWithPalestine\n#IndiaStandsWithPalestine\n#IndiaStandsWithPalestine\n#IndiaStandsWithPalestine\n#IndiaStandsWithPalestine\n#IndiaStandsWithPalestine\n#IndiaStandsWithPalestine\nWe will rise one day inshallah"
        },
        {
            "tweet_id": "1391497724999081984",
            "tweet": "@SharjeelUsmani Take steps to get her bail. Merely prayers will not be enough. She could have also prayed from her home instead of joining the protests against draconian Bill. \nDo something to get her out as fast as possible. Reach out to some good lawyers."
        },
        {
            "tweet_id": "1391501446605066254",
            "tweet": "@SharjeelUsmani It is indeed an unsettling thought. Prayer to Natasha.",
            "replies": [
                {
                    "tweet_id": "1391505014951010306",
                    "tweet": "@AfreenFatima136 @SharjeelUsmani Inshaallah sister"
                }
            ]
        },
        {
            "tweet_id": "1391504490113732614",
            "tweet": "@SharjeelUsmani @Rahulkhandx \u091c\u093f\u0938 \u0924\u0930\u0939 \u0932\u093e\u0932 \u0938\u093e\u0917\u0930 \u092b\u093f\u0930\u0914\u0928 \u0915\u0947 \u0932\u093f\u090f \u0915\u092c\u094d\u0930\u093f\u0938\u094d\u0924\u093e\u0928 \u092c\u0928\u093e \u0925\u093e,\n\n\u0909\u0938\u0940 \u0924\u0930\u0939 \u092d\u0942\u092e\u0927\u094d\u092f \u0938\u093e\u0917\u0930 \u0907\u091c\u093c\u0930\u093e\u0907\u0932 \u0915\u0947 \u0932\u093f\u090f \u0915\u092c\u094d\u0930\u093f\u0938\u094d\u0924\u093e\u0928 \u092c\u0928\u0947\u0917\u093e!!\n\n#IndiaStandsWithPalestine",
            "replies": [
                {
                    "tweet_id": "1391564700962353154",
                    "tweet": "@jrtalha3 @SharjeelUsmani @Rahulkhandx #IndiaStandsWithIsrael"
                }
            ]
        },
        {
            "tweet_id": "1391533993556725760",
            "tweet": "@SharjeelUsmani If only prayers worked .... Justice will be done .... In due time"
        },
        {
            "tweet_id": "1391536513146507265",
            "tweet": "@SharjeelUsmani Daughter's are the pride of the father's, But in this difficult time, In the last moments of her father, The daughter is not there, My full sympathy with Natasha's family &amp; I pay tribute to Natasha's personal loss, \n\nMy prayers are with you, May #Allah bless you.\n~Natasha~"
        },
        {
            "tweet_id": "1391538602614476803",
            "tweet": "@SharjeelUsmani \u0906\u092e\u0940\u0928"
        },
        {
            "tweet_id": "1391547572976762880",
            "tweet": "@SharjeelUsmani Aameen"
        },
        {
            "tweet_id": "1391645223877443589",
            "tweet": "@SharjeelUsmani Chup kar comrade"
        },
        {
            "tweet_id": "1391664334577745921",
            "tweet": "@SharjeelUsmani genocidal bill ...can u explain?? ...."
        },
        {
            "tweet_id": "1391656178703208448",
            "tweet": "@SharjeelUsmani Parents of young Ankit Sharma,Dilber Negi ,13 year old child whose clothes were found in ur friendTahir Hussain's home,\nwill never see their kids again 2 as they were brutalised &amp; killed only coz  ppl like u &amp; \ud835\udc0d\ud835\udc1a\ud835\udc2d\ud835\udc1a\ud835\udc2c\ud835\udc21\ud835\udc1a \ud835\udc0d\ud835\udc1a\ud835\udc2b\ud835\udc30\ud835\udc1a\ud835\udc25 plotted Anti-CAA protests 4their genocide!"
        },
        {
            "tweet_id": "1391494825824841732",
            "tweet": "@SharjeelUsmani Muhammad harami tha!"
        },
        {
            "tweet_id": "1391524182958039044",
            "tweet": "@SharjeelUsmani Bjp has declared jk a hindu state on their website https://t.co/hOpkjF6MIr.. https://t.co/FpFA8jtBdb"
        },
        {
            "tweet_id": "1391550185768030214",
            "tweet": "@SharjeelUsmani Congrats. Wish the same for your entire canal \ud83d\ude0e\ud83d\udea9"
        },
        {
            "tweet_id": "1391553522898903040",
            "tweet": "@SharjeelUsmani Alla is fake"
        },
        {
            "tweet_id": "1391564575670095874",
            "tweet": "@SharjeelUsmani She is in the jail with proper charges"
        },
        {
            "tweet_id": "1391652502441893891",
            "tweet": "@SharjeelUsmani Abe dogla hai tu dogla"
        },
        {
            "tweet_id": "1391656025929879553",
            "tweet": "@SharjeelUsmani \ud83d\ude02 \ud83d\ude02 \ud83d\ude02 \ud83d\ude02 \ud83d\ude02 \ud83d\ude02 \ud83d\ude02 \ud83d\ude02 \ud83d\ude02 \ud83d\ude02 \ud83d\ude02 \ud83d\ude02 \ud83d\ude02"
        },
        {
            "tweet_id": "1391656989407604738",
            "tweet": "@SharjeelUsmani Tukade kab karwa rahe ho?"
        },
        {
            "tweet_id": "1391658037761372160",
            "tweet": "@SharjeelUsmani Don't release him ...she need to understand the pain and sufferings which he gave to our country ....deshdrohi kahi ki ..aur ye sare katue kabhi na sudharenge ...",
            "replies": [
                {
                    "tweet_id": "1391663451504746496",
                    "tweet": "@Sidrajp33231281 @SharjeelUsmani Ole ole..\nYe lo 2 rupiya ja ke chocolate khao."
                }
            ]
        },
        {
            "tweet_id": "1391659857422417922",
            "tweet": "@SharjeelUsmani Every terrorist/anti nationalist deserves the same - you shall meet with the same fate insha allah!!!"
        },
        {
            "tweet_id": "1391661311088496642",
            "tweet": "@SharjeelUsmani Aa gya atankwadi tikri border pe jo rape hua hai uspar kuch nhi bolega"
        },
        {
            "tweet_id": "1391662347895271427",
            "tweet": "@SharjeelUsmani Arey!toh mt kr na stop, thinking chlne de bhai. OR ye kya dost ,prayers nd allah ki need abhi palestine me h, TU kyu disturb kr rha usko! Har baat me RELIGION ghusa deta h!OR tu toh khud jail me tha shayad bhadwe\ud83e\udd14"
        },
        {
            "tweet_id": "1391663177562161153",
            "tweet": "@SharjeelUsmani Why to do unnecessary riots. If she would have shut her mouth and sat at home with father then she would have been with his father even at his last days."
        },
        {
            "tweet_id": "1391663461436858371",
            "tweet": "@SharjeelUsmani R!P in advance for her\ud83d\ude4f\ud83d\ude4f\nIsrael plz do operation here and k!||\n this a$$hole person"
        },
        {
            "tweet_id": "1391665691233640448",
            "tweet": "@SharjeelUsmani @SharjeelUsmani  aree bsdk thik toh h ek deshdrohi marr bh gya toh afsoos na kr .. tum hijde jinda toh ho abhi tumko desh lutna h.. tu rora tu teri ammi k relation th ky #narwal se \ud83d\udc37\ud83d\udd95"
        },
        {
            "tweet_id": "1391666830469595143",
            "tweet": "@SharjeelUsmani No problem, a criminal is a criminal, No matter father dies or Mother or Both"
        },
        {
            "tweet_id": "1391749406697787393",
            "tweet": "@SharjeelUsmani Mar gaya kutiya ka baap"
        },
        {
            "tweet_id": "1391651021944881158",
            "tweet": "@SharjeelUsmani Are dhukhi kiyon hi yahi to chate ho na tum ki jab dalla ke pas jaye kab wo 72 hooro ke sata ayasshi mile to khush hi suar ki aulad wahi hua h ek kaam kar u know tujhe jalan ho rahi hogi to tu bhi khud ko bomb bandh ke uda de khud ko jaise baki suar karte h jald kar"
        },
        {
            "tweet_id": "1391663039494049795",
            "tweet": "@SharjeelUsmani B@stards like you will too be having a similar experience. When yours wh0re of a mother dies and you won't be able to do sh!t."
        },
        {
            "tweet_id": "1391802057741398018",
            "tweet": "@SharjeelUsmani @YashicaDutt Fucking pimps &amp; is terrorists supporting each other."
        }
    ]
}