{
    "tweet_id": "1397959669696634885",
    "tweet": "Twitter urges Indian government to respect freedom of expression https://t.co/g9n2PyUgJf https://t.co/hOtraHjITo",
    "comments": [
        {
            "tweet_id": "1397959874051338240",
            "tweet": "@nypost This has to be from the Onion."
        },
        {
            "tweet_id": "1397960049759297540",
            "tweet": "@nypost let's ask this guy about twitter freedom\nhttps://t.co/FlhFS7dgzl"
        }
    ]
}