{
    "tweet_id": "1393620880840921088",
    "tweet": "Fuck Boris and fuck Modi. Two pricks",
    "comments": [
        {
            "tweet_id": "1393621211553439746",
            "tweet": "@Akki_SwagMan Amen \ud83d\ude4f\ud83c\udffc"
        },
        {
            "tweet_id": "1393912598815510533",
            "tweet": "@Akki_SwagMan Offend him? More like 'I am meeting this prick for trade talks. Nothing can get in way of me making money for my 1%ers.\nSo what if a few ppl get ill or die or extended lockdown costs ppl their jobs and/or houses. \nMe and my boys are loaded. Won't affect us\ud83d\ude0a.'",
            "replies": [
                {
                    "tweet_id": "1393913575379460097",
                    "tweet": "@Gurpree07408071 That\u2019s exactly it"
                }
            ]
        }
    ]
}