{
    "tweet_id": "1386182358219460609",
    "tweet": "If Covid vaccine certificate has Hon\u2019ble PM\u2019s photo, does death certificate of those dying of no oxygen also carry his photo? https://t.co/NrUR6ePY5E",
    "comments": [
        {
            "tweet_id": "1386187880616239106",
            "tweet": "@ask_ranjan @MahuaMoitra We all saw the reply to the statesmanly letter by MMS. This government seems to have an extremely thick skin, only such sharp words can reach them."
        },
        {
            "tweet_id": "1386182691691798537",
            "tweet": "@MahuaMoitra You should have blackened system's face instead.\ud83d\ude20"
        },
        {
            "tweet_id": "1386182692761268224",
            "tweet": "@MahuaMoitra ofcoures #GetWellSoonPM"
        },
        {
            "tweet_id": "1386182769261350914",
            "tweet": "@MahuaMoitra Bloody party of vultures. Bharat jalao party... @ECISVEEP"
        },
        {
            "tweet_id": "1386182839964618753",
            "tweet": "@MahuaMoitra there is gang of paid puppets who make diversion of such credits"
        },
        {
            "tweet_id": "1386182844171522058",
            "tweet": "@MahuaMoitra Credit only taken for success. Failure is everyone else's fault"
        },
        {
            "tweet_id": "1386182846511976448",
            "tweet": "@MahuaMoitra Should be."
        },
        {
            "tweet_id": "1386182884659060739",
            "tweet": "@MahuaMoitra And so should the wait number token at cremation grounds"
        },
        {
            "tweet_id": "1386182885493727234",
            "tweet": "@MahuaMoitra Cheap politics by @BJP4India"
        },
        {
            "tweet_id": "1386182904720490498",
            "tweet": "@MahuaMoitra Yes it should have the smiling face of Modi on it. \n\n#\u092d\u093e\u0930\u0924_\u0915\u093e_\u0917\u0941\u0928\u0947\u0939\u0917\u093e\u0930_\u092e\u094b\u0926\u0940\n#\u092d\u093e\u0930\u0924_\u0915\u093e_\u0915\u0941\u092a\u0941\u0924\u094d\u0930_\u092e\u094b\u0926\u0940\n#ModiAbandonedIndia \n#ModiFailsIndia \n#OxygenCrisis \n#ModiHataoDeshBachao"
        },
        {
            "tweet_id": "1386182921761955840",
            "tweet": "@MahuaMoitra That's \"SYSTEM\" in the photo ..."
        },
        {
            "tweet_id": "1386183065739829252",
            "tweet": "@MahuaMoitra Oops !!! Hope that hits where it really hurts...!!!"
        },
        {
            "tweet_id": "1386183078649810945",
            "tweet": "@MahuaMoitra EC has reportedly ordered for it removal. Not yet done?",
            "replies": [
                {
                    "tweet_id": "1386368318630555651",
                    "tweet": "@aamman22 @MahuaMoitra Only in election states..."
                }
            ]
        },
        {
            "tweet_id": "1386183118172741636",
            "tweet": "@MahuaMoitra Not required on death certificate, people have printed it on their mind...N will surely teach him a lesson."
        },
        {
            "tweet_id": "1386183118986498053",
            "tweet": "@MahuaMoitra Sundays special tweet"
        },
        {
            "tweet_id": "1386183154638098433",
            "tweet": "@MahuaMoitra Don't have that GUTS TO FACE THE NAKED TRUTH"
        },
        {
            "tweet_id": "1386183157334958082",
            "tweet": "@MahuaMoitra It should carry Three Musketeers photo\nModi, Shah &amp; Harshavardhan"
        },
        {
            "tweet_id": "1386183226343837698",
            "tweet": "@MahuaMoitra \u0911\u0915\u094d\u0938\u0940\u091c\u0928 \u0915\u0947 \u0926\u0932\u093e\u0932\u094b\u0902 \u0915\u094b, \u0917\u094b\u0932\u0940 \u092e\u093e\u0930\u094b .... \u0915\u094b"
        },
        {
            "tweet_id": "1386183226595504132",
            "tweet": "@MahuaMoitra Hypocrisy also have limit must remember @narendramodi"
        },
        {
            "tweet_id": "1386183285617741831",
            "tweet": "@MahuaMoitra There should be photos of modi in front of every shamshan ghat in india",
            "replies": [
                {
                    "tweet_id": "1386183672286433290",
                    "tweet": "@MahuaMoitra And a comment sheet also \nPeople should take selfie with dead body and send to modi ji\nLike when people vote and send selfie on tv"
                }
            ]
        },
        {
            "tweet_id": "1386183324276645888",
            "tweet": "@MahuaMoitra It must. System ji khush honge."
        },
        {
            "tweet_id": "1386183361635307521",
            "tweet": "@MahuaMoitra #ModiHataoDeshBachao"
        },
        {
            "tweet_id": "1386183379117170692",
            "tweet": "@MahuaMoitra Brutal \ud83d\ude4b\u200d\u2642\ufe0f\ud83d\ude4b\u200d\u2642\ufe0f\ud83d\ude4b\u200d\u2642\ufe0f"
        },
        {
            "tweet_id": "1386183485728038916",
            "tweet": "@MahuaMoitra ...or atleast an \"Acche-din\" stamp !!!"
        },
        {
            "tweet_id": "1386183539473870848",
            "tweet": "@MahuaMoitra It shall be there....so that next generations can know the murderer of their family members in the name of nation and hindu rashtra"
        },
        {
            "tweet_id": "1386183624169385984",
            "tweet": "@MahuaMoitra If it does then it will make more sense..!",
            "replies": [
                {
                    "tweet_id": "1386184966967496707",
                    "tweet": "@staribo @MahuaMoitra FYKI This government is senseless"
                }
            ]
        },
        {
            "tweet_id": "1386183733246533632",
            "tweet": "@MahuaMoitra \u092f\u0947 \u0928\u0939\u0940 \u091a\u0932\u0947\u0917\u093e, \u0915\u094d\u0930\u0947\u0921\u093f\u091f \u0915\u0939\u093e\u0902 \u092e\u093f\u0932\u0947\u0917\u093e \u0935\u094b \u092c\u0924\u093e\u0907\u090f?"
        },
        {
            "tweet_id": "1386183859448934403",
            "tweet": "@MahuaMoitra Check on-line DC"
        },
        {
            "tweet_id": "1386184014076157956",
            "tweet": "@MahuaMoitra Truly"
        },
        {
            "tweet_id": "1386184025803354113",
            "tweet": "@MahuaMoitra Should."
        },
        {
            "tweet_id": "1386184065632534535",
            "tweet": "@MahuaMoitra Add you photo in death certificate also @narendramodi Moyiji.. Fekuji"
        },
        {
            "tweet_id": "1386184119433011200",
            "tweet": "@MahuaMoitra Why not?? Absolutely should be"
        },
        {
            "tweet_id": "1386184170401984515",
            "tweet": "@MahuaMoitra Very well Said ma'am \ud83d\udc4f, Hope you aren't considered as Anti-national !!!"
        },
        {
            "tweet_id": "1386184176261468163",
            "tweet": "@MahuaMoitra Valid question"
        },
        {
            "tweet_id": "1386184339298275336",
            "tweet": "@MahuaMoitra The death certificate will have a picture of the \u2018system\u2019"
        },
        {
            "tweet_id": "1386184346663407621",
            "tweet": "@MahuaMoitra Who is to bell the cat"
        },
        {
            "tweet_id": "1386184490976911361",
            "tweet": "@MahuaMoitra We are very unfortunate that we are carring this man as pm."
        },
        {
            "tweet_id": "1386184788034297856",
            "tweet": "@MahuaMoitra Yes. We should have. #MurdersByModi"
        },
        {
            "tweet_id": "1386184799186870273",
            "tweet": "@MahuaMoitra After 2 May \nThere will be bigger photo of prime minister in CMO of WB ...\n\nAadat dal lo... \n\nJai Shri Ram \ud83d\uded5\ud83d\udea9\ud83c\udf37 https://t.co/pgPkFkvUdj",
            "replies": [
                {
                    "tweet_id": "1386192641511936006",
                    "tweet": "@armata124 @MahuaMoitra In the run for that achivement, Viswaguru forgot his duties and the complete nation is suffering"
                },
                {
                    "tweet_id": "1386247253132783618",
                    "tweet": "@armata124 @MahuaMoitra JISPE BITHTI HAI WO HI JANE AADAT DAL LO SUDARNE KI @armata124"
                },
                {
                    "tweet_id": "1386259510860279809",
                    "tweet": "@armata124 Yes. But am sure sevak type leaders shouldn\u2019t get bad name by sticking their photo all around."
                },
                {
                    "tweet_id": "1386267475059240963",
                    "tweet": "@armata124 @MahuaMoitra Rong Only for TMC."
                },
                {
                    "tweet_id": "1386272607868096518",
                    "tweet": "@armata124 @MahuaMoitra In the dustbin of CMO you mean !"
                },
                {
                    "tweet_id": "1386338335795286018",
                    "tweet": "@armata124 @MahuaMoitra Bitter reality more concerned about election than citizen"
                },
                {
                    "tweet_id": "1386536959183495169",
                    "tweet": "@armata124 @MahuaMoitra Lol. I hope it never happens. Bengal doesn't need them. People who don't know Bengal, don't know the traditions and culture dream of ruling Bengal.. Dreams I say."
                },
                {
                    "tweet_id": "1387312987568934914",
                    "tweet": "@armata124 @MahuaMoitra Tell them to come to TAMILNADU and KERALA and maharastra... lol .. what ever they do.. they can't step in.."
                },
                {
                    "tweet_id": "1388729617427550208",
                    "tweet": "@armata124 @MahuaMoitra With or without garland"
                },
                {
                    "tweet_id": "1386239366775775235",
                    "tweet": "@armata124 @MahuaMoitra Dont worry... On 2nd Mayvu guys will feel what pee tastes when it directly falls on ur face..."
                },
                {
                    "tweet_id": "1386302121675345923",
                    "tweet": "@armata124 @MahuaMoitra i hope you are right otherwise i dont khow where those beard picture will go....may be infrot of public toilet under swach bharat mission."
                },
                {
                    "tweet_id": "1386534076803256322",
                    "tweet": "@armata124 @MahuaMoitra Don't worry bhakt haar jaega"
                },
                {
                    "tweet_id": "1386561111227396097",
                    "tweet": "@armata124 @MahuaMoitra Dekhiye kya hota hai..\nKahin aapka khwab naa toot jaaye...dard joga"
                },
                {
                    "tweet_id": "1387915050774503425",
                    "tweet": "@armata124 @MahuaMoitra That means bad time starts for Bengal also so sad"
                },
                {
                    "tweet_id": "1386186201896415237",
                    "tweet": "@armata124 @MahuaMoitra After 2 May, there will be no photo of PM in West Bengal. Aum Namah Shivaya \ud83d\ude4f\ud83d\ude4f\ud83d\ude4f"
                },
                {
                    "tweet_id": "1386256588973887491",
                    "tweet": "@armata124 @MahuaMoitra It's your dream dude.... \ud83d\ude01\ud83d\ude01\ud83d\ude01\ud83d\ude01"
                },
                {
                    "tweet_id": "1386694153313165315",
                    "tweet": "@armata124 @MahuaMoitra First complete your probation period in BJP IT CELL https://t.co/wkc8JjTB1b will get your first salry in.June 2021! Understand or not yet ?"
                }
            ]
        },
        {
            "tweet_id": "1386184990992465921",
            "tweet": "@MahuaMoitra Use Kejriwal's photo."
        },
        {
            "tweet_id": "1386185449195118592",
            "tweet": "@MahuaMoitra They don\u2019t do such crap even in dictatorships ... who\u2019d want a certificate with a politicians pic on  it .. lack of education.. that sums it all",
            "replies": [
                {
                    "tweet_id": "1386210972965109760",
                    "tweet": "@anoopazad @MahuaMoitra Hitler had a similar obssessions"
                }
            ]
        },
        {
            "tweet_id": "1386185467339497473",
            "tweet": "@MahuaMoitra It does it seems"
        },
        {
            "tweet_id": "1386185468296015874",
            "tweet": "@MahuaMoitra Exactly. \nWhy not? Must be there. \nUsing photo is habits of our leaders in every occasion. Your proposal is absolutely right. And of course for every Leader of our country.\nThis type of  Bad culture imported last few years in India and also in Bengal very much. \nThey want profit."
        },
        {
            "tweet_id": "1386185573992304642",
            "tweet": "@MahuaMoitra the death certificate should only have his photo. nothing else.  it will be self explanatory"
        },
        {
            "tweet_id": "1386185599711862786",
            "tweet": "@MahuaMoitra If that will bring votes \nThen definitely yes \nIf not then no \n\nFor @BJP4India @RSSorg \nAnything which is connected to votes is priority for them"
        },
        {
            "tweet_id": "1386185719077429250",
            "tweet": "@MahuaMoitra No No... this govt has single point agenda.. \u092e\u0940\u0920\u093e \u092e\u0940\u0920\u093e \u0917\u092a \u0917\u092a \u0914\u0930 \u0915\u0921\u093c\u0935\u093e \u0915\u0921\u093c\u0935\u093e \u0925\u0942 \u0925\u0942 !!! #System\u0939\u0940Sarkar"
        },
        {
            "tweet_id": "1386185731832303617",
            "tweet": "@MahuaMoitra Probably the greatest Pradhan Sewak the nation has seen in 74 years got the idea from here. https://t.co/f20aBq3sXn",
            "replies": [
                {
                    "tweet_id": "1386280853349666818",
                    "tweet": "@nishantpant_in @MahuaMoitra https://t.co/kCtdALpTiW"
                }
            ]
        },
        {
            "tweet_id": "1386185786140200961",
            "tweet": "@MahuaMoitra It must contain"
        },
        {
            "tweet_id": "1386185791848681477",
            "tweet": "@MahuaMoitra Toh state government kyo banai hai jab sara blame centre pe dalna hai.",
            "replies": [
                {
                    "tweet_id": "1386260975913897993",
                    "tweet": "@TarunCh03093264 Central Govt can relax"
                }
            ]
        },
        {
            "tweet_id": "1386185878662385665",
            "tweet": "@MahuaMoitra Didi is responsible for the health infrastructure in bengal.\n\nWhether it's good or bad, in bengal death certificates will have Didi's fotu."
        },
        {
            "tweet_id": "1386185882818932742",
            "tweet": "@MahuaMoitra No photo needed for fixing responsibility of COVID mismanagement deaths.\nWhole world knows. \ud83d\udc47\nhttps://t.co/K2a67Oq8L7",
            "replies": [
                {
                    "tweet_id": "1386898764250501126",
                    "tweet": "@Harsha_Comments @MahuaMoitra Yes absolutely if mamata is elected. Drama queen"
                },
                {
                    "tweet_id": "1400783165581520897",
                    "tweet": "@Harsha_Comments @MahuaMoitra Wondering why China is not blaming Modiji. Uncleji everything to be done by modi why we need state govts ? Selling oxymeter, vaccine,  oxygen cylinders in blackmarket?"
                },
                {
                    "tweet_id": "1387964868477739008",
                    "tweet": "@Harsha_Comments @MahuaMoitra Heard collecting coins on coffins...\nNow  watching collecting Votes on Coffins...\n2 trillion economy..  cant  even spare  free Vaccine, Free oxygen to needy,,,,   on  top advertise DUTY FREE Oxygen ,, like Duty free Liquor.. Shame..\n\nhttps://t.co/iCgQkGcv1j"
                }
            ]
        },
        {
            "tweet_id": "1386185986476941313",
            "tweet": "@MahuaMoitra Yes yes yes!"
        },
        {
            "tweet_id": "1386186457593774083",
            "tweet": "@MahuaMoitra His policy is to take the credit for all the good things and put the blame on others(opposition/Neheru/State Govts. etc) for bad things.Godi ji is a \u201cBhaasanjibi\u201d"
        },
        {
            "tweet_id": "1386186628515864576",
            "tweet": "@MahuaMoitra Vaccine me Modi ka photo aur death certificate me system ?? Waah.."
        },
        {
            "tweet_id": "1386186793318420484",
            "tweet": "@MahuaMoitra Agar credit milega ga tho manzoor hai"
        },
        {
            "tweet_id": "1386186801098809349",
            "tweet": "@MahuaMoitra Death certificate also must be, by stating I am responsible for lack of ideas , please vote me again bhatks"
        },
        {
            "tweet_id": "1386187093127270400",
            "tweet": "@MahuaMoitra Right mam ... \ud83d\udc4c\ud83d\udc4c\ud83d\udc4c"
        },
        {
            "tweet_id": "1386187168469553152",
            "tweet": "@MahuaMoitra Valid point!!!"
        },
        {
            "tweet_id": "1386187182231101451",
            "tweet": "@MahuaMoitra @narendramodi duniya ka sabse behtar prachar mantri."
        },
        {
            "tweet_id": "1386187343212605443",
            "tweet": "@MahuaMoitra I think no! He knows those that are dead can\u2019t vote! What\u2019s the point?",
            "replies": [
                {
                    "tweet_id": "1392713441949851651",
                    "tweet": "@rambling000 @MahuaMoitra Are be positive. There may be election in upper house also where soon we are joining."
                }
            ]
        },
        {
            "tweet_id": "1386187399793844225",
            "tweet": "@MahuaMoitra Yes death certificate should also have his photo"
        },
        {
            "tweet_id": "1386187588021616640",
            "tweet": "@MahuaMoitra Logic\ud83d\udc4d"
        },
        {
            "tweet_id": "1386187619290148866",
            "tweet": "@MahuaMoitra Yes."
        },
        {
            "tweet_id": "1386187804309266434",
            "tweet": "@MahuaMoitra Absolutely"
        },
        {
            "tweet_id": "1386187998878830604",
            "tweet": "@MahuaMoitra Obviously"
        },
        {
            "tweet_id": "1386188300612870148",
            "tweet": "@MahuaMoitra Pls let the dead mans soul be in peace without his photo or else will be haunted even in his death by this mans photo."
        },
        {
            "tweet_id": "1386188307537690625",
            "tweet": "@MahuaMoitra Masterstroke @MahuaMoitra"
        },
        {
            "tweet_id": "1386188396331114497",
            "tweet": "@MahuaMoitra It should be.."
        },
        {
            "tweet_id": "1386188419659755522",
            "tweet": "@MahuaMoitra @narendramodi ji if I'm paying for vaccine dn it should hv my photo...\ud83d\ude0b @MoHFW_INDIA take note of ds..."
        },
        {
            "tweet_id": "1386188813710602240",
            "tweet": "@MahuaMoitra No. Please refer to the story of Dasyu Ratnakar\u2019s family members all of whom declined share his sins. The same logic applies here albeit from a different perspective."
        },
        {
            "tweet_id": "1386188848816787458",
            "tweet": "@MahuaMoitra I decided to boycott the vacc"
        },
        {
            "tweet_id": "1386189463068446720",
            "tweet": "@MahuaMoitra \u092c\u094b \u092e\u094c\u0924 \u0915\u093e \u0938\u094b\u0926\u093e\u0917\u0930 \u0939\u0947 \u091a\u094b\u0915\u0940\u0926\u093e\u0930 \u091a\u094b\u0930 \u0915 \u0938\u093e\u0925 \u0915\u093e\u0924\u093f\u0932 \u092d\u0940 \u0939\u0947 #mannKibaatChodoOxygenDo"
        },
        {
            "tweet_id": "1386189860998762499",
            "tweet": "@MahuaMoitra #Hitler @narendramodi has transformed India into his #Auschwitz"
        },
        {
            "tweet_id": "1386189910730629122",
            "tweet": "@MahuaMoitra The autocratic leaders likes only good better best and not poor poorer poorest ... that\u2019s how they secure their image of larger than life \ud83d\udc81\u200d\u2642\ufe0f"
        },
        {
            "tweet_id": "1386190001810001927",
            "tweet": "@MahuaMoitra @namitaj68 I have asking right from the beginning",
            "replies": [
                {
                    "tweet_id": "1386190285810503683",
                    "tweet": "@MahuaMoitra @namitaj68 * I have been asking this right from the beginning."
                }
            ]
        },
        {
            "tweet_id": "1386190197168099335",
            "tweet": "@MahuaMoitra Hospitals should issue death certificate with pm photo \ud83d\ude10"
        },
        {
            "tweet_id": "1386190303120429058",
            "tweet": "@MahuaMoitra Ask his majesty!"
        },
        {
            "tweet_id": "1386190416136085504",
            "tweet": "@MahuaMoitra @karunanundy Death Certificate should have Mahua Moitra and Mamata Banerjee's photo"
        },
        {
            "tweet_id": "1386190506514817024",
            "tweet": "@MahuaMoitra of course Modi deserve it"
        },
        {
            "tweet_id": "1386190810039816193",
            "tweet": "@MahuaMoitra Also, now that vaccination cost is also borne by the state governments, will their contribution be added in the certificates, since Cowin registration remains compulsory?"
        },
        {
            "tweet_id": "1386190850992992261",
            "tweet": "@MahuaMoitra Yes , by logic it should be there."
        },
        {
            "tweet_id": "1386191497276522498",
            "tweet": "@MahuaMoitra Ppl must keep him view whose kit and kin loosing lives due to lack of Oxy and system failure",
            "replies": [
                {
                    "tweet_id": "1386230100585160705",
                    "tweet": "@MahuaMoitra Instead kit* plz read kith"
                }
            ]
        },
        {
            "tweet_id": "1386192001192796162",
            "tweet": "@MahuaMoitra Even death certificate"
        },
        {
            "tweet_id": "1386192067508903941",
            "tweet": "@MahuaMoitra @Saislakshmanan Yes actually it should be"
        },
        {
            "tweet_id": "1386192254298173442",
            "tweet": "@MahuaMoitra BJP in search off a scapegoat presently will soon come up with the photo of some innocent."
        },
        {
            "tweet_id": "1386192975911292938",
            "tweet": "@MahuaMoitra All hail supreme leader. https://t.co/gz1sR7JiyI"
        },
        {
            "tweet_id": "1386193223790436352",
            "tweet": "@MahuaMoitra PM photo has to be removed"
        },
        {
            "tweet_id": "1386194138480058369",
            "tweet": "@MahuaMoitra Wouldn't HMs' pic b a better option......"
        },
        {
            "tweet_id": "1386194477031727106",
            "tweet": "@MahuaMoitra A perfect death certificate https://t.co/oDIBm2m1DX"
        },
        {
            "tweet_id": "1386194840963096578",
            "tweet": "@MahuaMoitra As long as dead people cannot vote , they won't be seriously considered."
        },
        {
            "tweet_id": "1386194898722824195",
            "tweet": "@MahuaMoitra Agree\ud83d\ude4f\ud83d\ude4f"
        },
        {
            "tweet_id": "1386195007099392006",
            "tweet": "@MahuaMoitra Why not. As an agent of Yamraj"
        },
        {
            "tweet_id": "1386195057963790336",
            "tweet": "@MahuaMoitra This man is publicity hungry. Shame"
        },
        {
            "tweet_id": "1386195255540666370",
            "tweet": "@MahuaMoitra Yessssss...\nWhy not? \nFrom 2014, what is new come in public hospitals?"
        },
        {
            "tweet_id": "1386195473472495618",
            "tweet": "@MahuaMoitra You should have put black ink over the image also"
        },
        {
            "tweet_id": "1386196638939578371",
            "tweet": "@MahuaMoitra Absolutely. If you want to take credit then bloody well take the blame too! 100% accountability."
        },
        {
            "tweet_id": "1386197211684376578",
            "tweet": "@MahuaMoitra ... And his signature!"
        },
        {
            "tweet_id": "1386197254583644164",
            "tweet": "@MahuaMoitra Irresponsible PM"
        },
        {
            "tweet_id": "1386197337526001665",
            "tweet": "@MahuaMoitra With all due respect Hon'ble MP of LOk sabha instead of politicing the thing in this time where should paste the photo or whom.Kindly help the people at ground who are suffering for oxygen and beds in the hospital at myState WB.Pathetic situation just do with responsibility mam\ud83d\ude4f",
            "replies": [
                {
                    "tweet_id": "1386244420534636544",
                    "tweet": "@kanchangoswami4 @MahuaMoitra Isnt that the job of the Central Govt? O2 is allotted by who? 9000 MT of 02 has been sold to foreign countries in last few months. Why when we need it so badly?"
                }
            ]
        },
        {
            "tweet_id": "1386197490723004417",
            "tweet": "@MahuaMoitra Yes. IT MAKE COMPULSORY"
        },
        {
            "tweet_id": "1386197657270423556",
            "tweet": "@MahuaMoitra In polio vaccination , which prime minister had photo? Manmohan Singh. Why this question arise?"
        },
        {
            "tweet_id": "1386197670998396930",
            "tweet": "@MahuaMoitra @kmsingh1963 Correct"
        },
        {
            "tweet_id": "1386197766372614145",
            "tweet": "@MahuaMoitra This photo of has to go. He has no right to force us to use photo on certificate like this"
        },
        {
            "tweet_id": "1386198714683822081",
            "tweet": "@MahuaMoitra For that ur foto is best"
        },
        {
            "tweet_id": "1386198784942612480",
            "tweet": "@MahuaMoitra @raja_anbazhagan \ud83d\udc4c\ud83c\udffc\ud83d\udc4c\ud83c\udffc"
        },
        {
            "tweet_id": "1386198977813487625",
            "tweet": "@MahuaMoitra May be \ud83d\ude4f\ud83d\ude4f\ud83d\ude4f"
        },
        {
            "tweet_id": "1386198991654690816",
            "tweet": "@MahuaMoitra Your statements in your official Twitter are like \u201c Missiles\u201d hitting and hurting  the BJP Govt where it hurts them the most"
        },
        {
            "tweet_id": "1386199312581885954",
            "tweet": "@MahuaMoitra Are the mental hospitals Full in Bengal ? How come one still roaming around and spitting venom on twitter ?",
            "replies": [
                {
                    "tweet_id": "1386257853841694722",
                    "tweet": "@amitpesit She means vaccination certificates in USA or any other country are without photos; why here"
                }
            ]
        },
        {
            "tweet_id": "1386200077270589445",
            "tweet": "@MahuaMoitra No document should have PM or anybody's photo. It should have only Government of India's four lion symbol."
        },
        {
            "tweet_id": "1386200479030419464",
            "tweet": "@MahuaMoitra @sheoranshab4046 Madam Reading or Hearing Your Messages r \ud83d\udcaf A Treat To The Ear &amp;\nConsolation To d Heart\ud83c\udf39"
        },
        {
            "tweet_id": "1386201018833137664",
            "tweet": "@MahuaMoitra Logic toh sahi hai \ud83e\udd14"
        },
        {
            "tweet_id": "1386201196935802880",
            "tweet": "@MahuaMoitra Just when people think they are done with BJP . Hatred like this in the name of criticism makes people reconsider."
        },
        {
            "tweet_id": "1386201445725216768",
            "tweet": "@MahuaMoitra \u092c\u093f\u0932\u094d\u0915\u0941\u0932 \u0938\u0939\u0940 \u0915\u0939\u093e\u0964 \u0938\u0940\u0927\u093e \u0939\u093f\u0938\u093e\u092c \u0939\u0948, \u0924\u093e\u0932\u0940 \u0938\u0930\u0926\u093e\u0930 \u0915\u094b \u0924\u094b \u0917\u0932\u0940 \u092d\u0940 \u0938\u0930\u0926\u093e\u0930 \u0915\u094b\u0964"
        },
        {
            "tweet_id": "1386201932834869248",
            "tweet": "@MahuaMoitra No.  In death certificate there will be Nehru's pic because Nehru zimmedar hai"
        },
        {
            "tweet_id": "1386201976027828224",
            "tweet": "@MahuaMoitra Mam  can I request you to order your cader to burn all \"System\"  banners and posters across the state. This man oops I meant \"System\" has blood on his hands"
        },
        {
            "tweet_id": "1386202129354813440",
            "tweet": "@MahuaMoitra All deaths in Bengal will surely carry your photo",
            "replies": [
                {
                    "tweet_id": "1392019385603158019",
                    "tweet": "@PranavJayade @MahuaMoitra Very well indeed!"
                }
            ]
        },
        {
            "tweet_id": "1386202148195606528",
            "tweet": "@MahuaMoitra Mam I have huge respects on you...but never imagined that you would tweet this way too....we love seeing you only talking facts on Parliament..."
        },
        {
            "tweet_id": "1386202336855420928",
            "tweet": "@MahuaMoitra That's a really good idea"
        },
        {
            "tweet_id": "1386202629710123009",
            "tweet": "@MahuaMoitra He has again failed Miserably.\nBHAKATS TO WAKE UP EKSE IT WILL BE TOO LATE AND THEY WILL NOT BE ABLE TO SEE.\nCHOWKIDAR WELL DEFINED\ud83e\udd77\ud83c\udffc\ud83d\udd75\ud83c\udffc\u200d\u2640\ufe0f\ud83d\udc82\ud83c\udffb\u200d\u2640\ufe0f\ud83d\udc12\ud83d\ude4a https://t.co/byzfuB6txV",
            "replies": [
                {
                    "tweet_id": "1400862478288887809",
                    "tweet": "@kalidharbk @MahuaMoitra Yes Unkil. Bhakats of the \u201cfamily\u201d need to wake up."
                }
            ]
        },
        {
            "tweet_id": "1386203243928178693",
            "tweet": "@MahuaMoitra Absolutely fair point."
        },
        {
            "tweet_id": "1386203680030875649",
            "tweet": "@MahuaMoitra Like the brands are not allowed to carry their names when customer pays for carrybags, Modi\u2019s pic shouldn\u2019t be allowed when we pay and get our vaccines."
        },
        {
            "tweet_id": "1386204788161859591",
            "tweet": "@MahuaMoitra Ma'am... Rqst u to write \"hon'ble\" in full pls since to ppl like me who wear reading glasses, it most of the time looks like \"horrible\"\ud83d\ude4f\ud83d\ude4f\ud83d\ude4f",
            "replies": [
                {
                    "tweet_id": "1386429090521968640",
                    "tweet": "@smneeraj2001 @MahuaMoitra U are reading it right. It actually means horrible in this context."
                }
            ]
        },
        {
            "tweet_id": "1386204871389368320",
            "tweet": "@MahuaMoitra Half of the relief work in kolkata has mamta didi's photo all over it...so again what's your point.????"
        },
        {
            "tweet_id": "1386205273115688962",
            "tweet": "@MahuaMoitra Valid suggestion.\n\nPlus, death certificate copy is kept in records for a long time.\n\nThis way our PM can ensure that his photo stays with people for longer.",
            "replies": [
                {
                    "tweet_id": "1386607026113957891",
                    "tweet": "@simon_robin @MahuaMoitra Rice bagbis always a rice bags."
                },
                {
                    "tweet_id": "1386607541187072005",
                    "tweet": "@simon_robin @MahuaMoitra Your face is also apt"
                }
            ]
        },
        {
            "tweet_id": "1386205383006380033",
            "tweet": "@MahuaMoitra Leke pata karlo \ud83e\udd14"
        },
        {
            "tweet_id": "1386205536589291521",
            "tweet": "@MahuaMoitra \u0911\u0915\u094d\u0938\u0940\u091c\u0928 \u0915\u0940 \u0915\u092e\u0940 \u0924\u094b \u0905\u092d\u0940 \u092c\u0924\u093e\u0908 \u091c\u093e \u0930\u0939\u0940 \u0939\u0948.....\n\u0915\u0941\u091b \u0932\u094b\u0917\u094b\u0902 \u0915\u094b \u0938\u093e\u0902\u0938 \u0932\u0947\u0928\u0947 \u092e\u0947\u0902 \u092a\u0930\u0947\u0936\u093e\u0928\u0940 \u0924\u094b 2014 \u0938\u0947 \u0939\u0940 \u0936\u0941\u0930\u0942 \u0939\u094b \u0917\u0908 \u0925\u0940...\n\ud83d\ude02\ud83d\ude02\ud83d\ude02"
        },
        {
            "tweet_id": "1386205575004884994",
            "tweet": "@MahuaMoitra Why doesn't the opposition erect @narendramodi cutouts at the entrances of crematorium?"
        },
        {
            "tweet_id": "1386206342185066498",
            "tweet": "@MahuaMoitra Not it has Didi's"
        },
        {
            "tweet_id": "1386206362426691585",
            "tweet": "@MahuaMoitra Samewise, if safe drive save life bears the logo of mamata banerjee,  the death report of victim  of road accident in bengal  should  bear the logo of mamata didi... According to your opinion \ud83d\ude04"
        },
        {
            "tweet_id": "1386206380420329481",
            "tweet": "@MahuaMoitra Yep.. when publicity is sought on every damn thing, why not.. In TN A1 pics were printed in relief materials, all from the same flock"
        },
        {
            "tweet_id": "1386206613468377088",
            "tweet": "@MahuaMoitra \u092b\u094b\u091f\u094b \u092e\u0947\u0902 \u0915\u094d\u092f\u093e \u091c\u0930\u0941\u0930\u0924 \u091c\u092c\u0915\u093f \u0909\u0928\u0915\u0947 \u0926\u093f\u0932 \u092e\u0947\u0902 \u0938\u094d\u0925\u093e\u092f\u0940 \u0930\u0941\u092a \u0938\u0947 \u0905\u092e\u093f\u091f \u091b\u093e\u092a \u0932\u0917 \u091a\u0941\u0915\u0940 \u0939\u0948"
        },
        {
            "tweet_id": "1386206818829889541",
            "tweet": "@MahuaMoitra Of course PM's photo must be there at death certificate"
        },
        {
            "tweet_id": "1386206858214469643",
            "tweet": "@MahuaMoitra He is dead man now"
        },
        {
            "tweet_id": "1386207104210399232",
            "tweet": "@MahuaMoitra Must\nIndicating.he is killing them"
        },
        {
            "tweet_id": "1386207330698551299",
            "tweet": "@MahuaMoitra Why don't they print the pictures of doctors nd scientists who struggled for the vaccine ??"
        },
        {
            "tweet_id": "1386207368380223488",
            "tweet": "@MahuaMoitra Kya baat hai... Share this more everyone.."
        },
        {
            "tweet_id": "1386207466434662403",
            "tweet": "@MahuaMoitra Good question \ud83d\ude4b\u200d\u2642\ufe0f"
        },
        {
            "tweet_id": "1386207686098751491",
            "tweet": "@MahuaMoitra 1 main profit of modi's maan ki bakwaas\ud83d\ude02\ud83d\ude02\ud83e\udd26\u200d\u2640\ufe0f https://t.co/B7v2qfcrZh",
            "replies": [
                {
                    "tweet_id": "1387352816067301380",
                    "tweet": "@hharman_2005 @MahuaMoitra \ud83d\ude02kuch to kam aa rahi hai man ki bat \nCouples ko ek kar rahi h"
                }
            ]
        },
        {
            "tweet_id": "1386209988515799041",
            "tweet": "@MahuaMoitra There should be chief minister's photo, as it's their responsibility to provide oxygen, vaccines were arranged by Modiji",
            "replies": [
                {
                    "tweet_id": "1386260159291219968",
                    "tweet": "@akshai25 @MahuaMoitra He arranged vaccines as a sevak. Why photo"
                }
            ]
        },
        {
            "tweet_id": "1386210134066483202",
            "tweet": "@MahuaMoitra \ud83d\ude04\ud83d\ude04\ud83d\ude02"
        },
        {
            "tweet_id": "1386210321212211205",
            "tweet": "@MahuaMoitra That should have the CMS photos on them who decided to do nothing in 1 year. They remember Agriculture to be a state subject when it came to Farm Laws but forgot that Health is too."
        },
        {
            "tweet_id": "1386210376434339848",
            "tweet": "@MahuaMoitra There\u2019s no need to have Prime Ministers photo on COVID vaccination certificate"
        },
        {
            "tweet_id": "1386210423075053568",
            "tweet": "@MahuaMoitra Yes indeed.."
        },
        {
            "tweet_id": "1386210579082186755",
            "tweet": "@MahuaMoitra First put didi's photo on death certificates of all the @BJP4Bengal karyakartaas died in bengal. Hai himmat?"
        },
        {
            "tweet_id": "1386210620253511683",
            "tweet": "@MahuaMoitra In other countries he has exported vaccine do their certification carry modis pictures"
        },
        {
            "tweet_id": "1386210627752906760",
            "tweet": "@MahuaMoitra #mannKibaatChodoOxygenDo https://t.co/78WaWgKw4F"
        },
        {
            "tweet_id": "1386211299923689473",
            "tweet": "@MahuaMoitra Ofcourse"
        },
        {
            "tweet_id": "1386211670859542529",
            "tweet": "@MahuaMoitra That the Photo nobody want to See - Honestly"
        },
        {
            "tweet_id": "1386211820361289731",
            "tweet": "@MahuaMoitra No #vaccination is due to #PM\nDeath is caused by fault of #System\u2757\ufe0f"
        },
        {
            "tweet_id": "1386211823276367872",
            "tweet": "@MahuaMoitra he is expert in when to take credit and when to blame on others.."
        },
        {
            "tweet_id": "1386212111399882752",
            "tweet": "@MahuaMoitra Ya. It should be by default."
        },
        {
            "tweet_id": "1386212170266943491",
            "tweet": "@MahuaMoitra Why not on the body bags too! The supreme leaders face should be everywhere."
        },
        {
            "tweet_id": "1386212328731938824",
            "tweet": "@MahuaMoitra Every death warrant carries name &amp; signature of the judge ptonouncing the verdict. \n\nLegitimate demand. Must be acceptable to Govt &amp; opposition alike. \n\nWonder why BJP is not jumping at this great photo-op to show case PM &amp; use it to seek votes!\ud83e\udd14"
        },
        {
            "tweet_id": "1386213600595898371",
            "tweet": "@MahuaMoitra @Sand_In_Deed \u0930\u0941\u0915\u094b \u0905\u092d\u0940 \u092e\u094b\u0926\u0940 \u091c\u0940 \u0915\u094b \u092c\u094b\u0932\u0924\u093e \u0939\u0942\u0901 \u0905\u092a\u0928\u0940 \u092a\u093f\u0915\u094d\u091a\u0930 \u0939\u091f\u093e \u0932\u0947\u0928\u0947 \u0915\u094b\u0964"
        },
        {
            "tweet_id": "1386213816837492739",
            "tweet": "@MahuaMoitra Why not?\nI love my photo everywhere."
        },
        {
            "tweet_id": "1386213817365929987",
            "tweet": "@MahuaMoitra actually yes I saw one the other day with his pic!"
        },
        {
            "tweet_id": "1386214483844997122",
            "tweet": "@MahuaMoitra All death certificates also must carry PM\u2019s photo"
        },
        {
            "tweet_id": "1386214723448807426",
            "tweet": "@MahuaMoitra Agree\ud83d\udc4d"
        },
        {
            "tweet_id": "1386214943649767427",
            "tweet": "@MahuaMoitra Good suggestion"
        },
        {
            "tweet_id": "1386215315458052099",
            "tweet": "@MahuaMoitra That's a valid suggestion mam... infact death certificate mein Inhe apni tagline bhi mention karni chahiye...\"MODI HAI TO MUMKIN HAI\""
        },
        {
            "tweet_id": "1386215320835162113",
            "tweet": "@MahuaMoitra Together India will defeat PM Modi!\u270c\ufe0f\ud83d\ude06 https://t.co/AsqvpozyA5"
        },
        {
            "tweet_id": "1386215628093018112",
            "tweet": "@MahuaMoitra Real certificate has #NarendraModi photo in full colour! Government will ask #Twitter to remove your post."
        },
        {
            "tweet_id": "1386215865276768258",
            "tweet": "@MahuaMoitra We would love to have Mamata didi\u2019s photo! Pls send a clean copy!"
        },
        {
            "tweet_id": "1386216038040150017",
            "tweet": "@MahuaMoitra It should"
        },
        {
            "tweet_id": "1386216882450026496",
            "tweet": "@MahuaMoitra Yes it should be happen"
        },
        {
            "tweet_id": "1386217830228529158",
            "tweet": "@MahuaMoitra Sahi baat...logic ache."
        }
    ]
}