{
    "tweet_id": "1390905967655546883",
    "tweet": "Our prayers are with you #KanganaRanaut . \nGet well soon .",
    "comments": [
        {
            "tweet_id": "1390910412736974850",
            "tweet": "@ashokepandit \u092e\u0939\u093e\u0926\u0947\u0935 \u0915\u0902\u0917\u0928\u093e \u091c\u0940 \u0915\u094b \u091c\u0932\u094d\u0926 \u0939\u0940 \u0938\u094d\u0935\u093e\u0938\u094d\u0925\u094d\u092f \u0932\u093e\u092d \u092a\u094d\u0930\u0926\u093e\u0928 \u0915\u0930\u0947\u0902 \u0964",
            "replies": [
                {
                    "tweet_id": "1390917308642516992",
                    "tweet": "@Lakhend46257958 @ashokepandit \u091c\u093e \u0915\u0930 \u0915\u0942 \u092a\u0930 \u092c\u094b\u0932, \u092f\u0947 \u0924\u094b \u0905\u0902\u0917\u094d\u0930\u0947\u091c\u094b\u0902 \u0915\u093e \u0910\u092a \u0939\u0948, \u092f\u0939\u0940 \u0924\u094b \u0916\u091f\u093e\u0930\u093e \u0915\u0902\u0917\u0928\u093e \u0928\u0947 \u092d\u0940 \u092c\u094b\u0932\u093e \u0939\u0948"
                }
            ]
        },
        {
            "tweet_id": "1390915851830796290",
            "tweet": "@ashokepandit \u0907\u0938\u0915\u0947 \u0932\u093f\u090f \u092d\u0940 @srinivasiyc \u0938\u0947 \u092e\u0926\u0926 \u092e\u093e\u0902\u0917 \u0932\u0947 \u0926\u0932\u093e\u0932",
            "replies": [
                {
                    "tweet_id": "1390953273671053323",
                    "tweet": "@anilpricha @ashokepandit @srinivasiyc Tajinder Bagga paji hai abhi help karne ko"
                }
            ]
        },
        {
            "tweet_id": "1390917643213762564",
            "tweet": "@ashokepandit I pray, corona get well soon.",
            "replies": [
                {
                    "tweet_id": "1390950769407397889",
                    "tweet": "@PradipS47548672 @ashokepandit Beta abhi paida hue ho sambhal jao"
                }
            ]
        },
        {
            "tweet_id": "1390921892526055424",
            "tweet": "@ashokepandit Sir one by one account of Nationalist are getting suspend.... #BringBackNitinShukla please help",
            "replies": [
                {
                    "tweet_id": "1390960029923045377",
                    "tweet": "@realkaran99 @ashokepandit Ban Twitter join another platform.. I"
                }
            ]
        },
        {
            "tweet_id": "1390923736358920195",
            "tweet": "@ashokepandit \u092a\u0924\u093e \u0915\u0930 \u0932\u094b \u092a\u0939\u0932\u0947, \u092f\u0947 \u092d\u0940 \u0924\u0941\u092e\u094d\u0939\u093e\u0930\u0947 \u0938\u092e\u093e\u0928 \u0928\u094c\u091f\u0902\u0915\u0940 \u0939\u0948, \u0927\u094d\u092f\u093e\u0928 \u0906\u0915\u0930\u094d\u0937\u0923 \u0915\u0947 \u0932\u093f\u090f \u092d\u0940 \u0915\u0930 \u0938\u0915\u0924\u0940 \u0939\u0948\n\u0905\u0917\u0930 \u0938\u091a \u092e\u0947 \u0939\u0948 \u0924\u094b \u092d\u0917\u0935\u093e\u0928 \u0907\u0938\u0915\u094b \u0914\u0930 \u0907\u0938\u0915\u0947 \u0926\u093f\u092e\u093e\u0917 \u0915\u094b \u091c\u0932\u094d\u0926\u0940 \u0920\u0940\u0915 \u0915\u0930\u0947\u0902\ud83d\ude4f\ud83d\ude4f",
            "replies": [
                {
                    "tweet_id": "1391125269373612032",
                    "tweet": "@DNNSINGH_Gattu @ashokepandit Aaukat m rehe Bhai. Ek naari able bhari..."
                },
                {
                    "tweet_id": "1391216118388334594",
                    "tweet": "@DNNSINGH_Gattu @ashokepandit Bade harami kism ke ho be"
                },
                {
                    "tweet_id": "1390986342331346951",
                    "tweet": "@DNNSINGH_Gattu @ashokepandit Dekh tere reply se teri condition pta chal rahi....sulgaai hui thi kangna ne teri ?"
                }
            ]
        },
        {
            "tweet_id": "1390940892903608321",
            "tweet": "@ashokepandit \u0928\u092b\u0930\u0924 \u092b\u0948\u0932\u093e\u0928\u0947 \u0935\u093e\u0932\u094b\u0902 \u0915\u0947 \u0938\u093e\u0925 \u0924\u094b \u0939\u094b\u0928\u093e \u0939\u0940 \u0939\u0948",
            "replies": [
                {
                    "tweet_id": "1391057520257474560",
                    "tweet": "@Gharusantoshk @ashokepandit \u0907\u0938\u0940\u0932\u093f\u090f \u0930\u093e\u0939\u0941\u0932 \u0917\u093e\u0902\u0927\u0940 \u092d\u0940 \u0906\u0907\u0938\u094b\u0932\u0947\u0936\u0928 \u092e \u0917\u200c\u090f \u0930\u0939\u0947\u0964 \u0908 \u0938\u093e\u0932\u093e \u0915\u094b\u0930\u094b\u0928\u093e \u092d\u0940 \u0928\u093e \u0906\u0926\u092e\u0940 \u092a\u0939\u091a\u093e\u0928 \u0915\u0930 \u0939\u094b\u0924\u093e \u0939\u0948 \u0964"
                }
            ]
        },
        {
            "tweet_id": "1391044158924546056",
            "tweet": "@ashokepandit \u0917\u093f\u0930\u092b\u094d\u0924\u093e\u0930\u0940 \u0938\u0947 \u092c\u091a\u0928\u0947 \u0915\u093e \u0928\u093e\u091f\u0915",
            "replies": [
                {
                    "tweet_id": "1391074262673285122",
                    "tweet": "@MajidHa36637848 @ashokepandit Sirf ye nai bohot bimar ho gye hai illegal kam karne ke bad police ke dar se."
                }
            ]
        },
        {
            "tweet_id": "1391097689647980544",
            "tweet": "@ashokepandit What you mean \u201cour\u201d don\u2019t count me in cos I\u2019m not gonna pray for her .",
            "replies": [
                {
                    "tweet_id": "1391297626205671425",
                    "tweet": "@AsadulK14323693 english to thik se bol le phle..pray bad me krliyo\ud83e\udd23\ud83e\udd23"
                },
                {
                    "tweet_id": "1391140633721536513",
                    "tweet": "@AsadulK14323693 @ashokepandit \u092c\u0947\u091f\u093e!! \u0924\u0941\u092e\u094d\u0939\u0947 \u0924\u094b \u0924\u0941\u092e\u094d\u0939\u093e\u0930\u0947 \u092a\u093e\u092a\u093e \u092d\u0940 \u0905\u092a\u0928\u094b \u092e\u0947\u0902 \u0915\u093e\u0909\u0902\u091f \u0928\u0939\u0940 \u0915\u0930\u0924\u0947\u0964 \u091c\u093e\u0913 \u092e\u0941\u0928\u094d\u0928\u093e \u092f\u0947 \u0938\u092e\u091d\u0926\u093e\u0930\u094b \u0915\u0940 \u092e\u0939\u092b\u093f\u0932 \u0939\u0948"
                }
            ]
        },
        {
            "tweet_id": "1391108726430441478",
            "tweet": "@ashokepandit \u0915\u0902\u0917\u0928\u093e \u0930\u0923\u094c\u0924 \u090f\u0915 \u0936\u0947\u0930\u0928\u0940 \u0939\u0948\u0964 \u0935\u094b \u0915\u094b\u0930\u094b\u0928\u093e \u0915\u094b \u0939\u0930\u093e \u0915\u0930 \u0935\u093e\u092a\u0938 \u0932\u094c\u091f\u0947\u0917\u0940\u0964 \u0915\u0941\u091b \u0915\u0941\u0924\u094d\u0924\u0947 \u091c\u094b \u092d\u094c\u0915 \u0930\u0939\u0947 \u0939\u0948, \u0909\u0928\u094d\u0939\u0947 \u092c\u0924\u093e \u0926\u0947 \u0915\u093f \u0939\u092e\u093e\u0930\u0947 \u0924\u0930\u092b \u090f\u0915 \u0915\u0939\u093e\u0935\u0924 \u0939\u0948 \u0915\u093f \u0915\u094c\u090f \u0915\u0947 \u0936\u094d\u0930\u093e\u092a \u0938\u0947 \u092e\u0947\u0922\u0915 \u0925\u094b\u0921\u093c\u0947 \u092e\u0930\u0924\u093e \u0939\u0948\u0964 \u0935\u0948\u0938\u0947 \u0939\u0940 \u0909\u0928\u0915\u0947 \u092d\u094c\u0915\u0928\u0947 \u0915\u093e \u0936\u0947\u0930\u0928\u0940 \u092a\u0930 \u0915\u094b\u0908 \u0905\u0938\u0930 \u0928\u0939\u0940 \u0939\u094b\u0917\u093e"
        },
        {
            "tweet_id": "1391131075187863553",
            "tweet": "@ashokepandit Get well soon corona \ud83d\ude02\ud83d\ude02"
        },
        {
            "tweet_id": "1390938602754871296",
            "tweet": "@ashokepandit \u0926\u0940\u0926\u0940 \u0915\u0940 \u092a\u0941\u0932\u093f\u0938 \u0915\u093e \u0916\u094c\u092b \u0907\u0924\u0928\u093e \u0917\u0939\u0930\u093e \u0939\u0941\u0906 \u0915\u093f \u0930\u091c\u094d\u091c\u094b \u0915\u0940 \u092d\u0940 \u092b\u091f \u0917\u0908 \ud83d\ude02\ud83d\ude02\ud83d\ude02",
            "replies": [
                {
                    "tweet_id": "1391000503278968832",
                    "tweet": "@FarukMe70875825 @ashokepandit Teri kab dadi hai dede ne"
                }
            ]
        },
        {
            "tweet_id": "1390916918630965250",
            "tweet": "@ashokepandit \u0938\u0941\u0936\u093e\u0902\u0924 \u0915\u0947 \u0928\u093e\u092e \u092a\u0930 \u091a\u0940\u0916\u0928\u0947 \u091a\u093f\u0932\u094d\u0932\u093e\u0928\u0947 \u0935\u093e\u0932\u093e \u092f\u0939 \u0905\u0936\u094b\u0915 \u092a\u0902\u0921\u093f\u0924 \u092a\u093f\u091b\u0932\u0947 1 \u0938\u093e\u0932 \u092e\u0947\u0902 \u0907\u0938\u0928\u0947 \u090f\u0915 \u092c\u093e\u0930 \u092d\u0940 \u092a\u0942\u091b\u093e \u0915\u093f \u0938\u0941\u0936\u093e\u0902\u0924 \u0938\u093f\u0902\u0939 \u0915\u0947\u0938 \u0915\u093e \u0915\u094d\u092f\u093e \u0939\u0941\u0906 \u092f\u0939 \u0938\u092c \u0932\u094b\u0917\u094b\u0902 \u0915\u094b \u0930\u093e\u091c\u0928\u0940\u0924\u093f \u0916\u0947\u0932\u0928\u0940 \u0939\u094b\u0924\u0940 \u0939\u0948 \u0914\u0930 \u091c\u093f\u0924\u0928\u093e \u0939\u093f\u0902\u0926\u0941\u0913\u0902 \u0915\u093e \u092b\u093e\u092f\u0926\u093e \u092c\u0940\u091c\u0947\u092a\u0940 \u0914\u0930 \u0909\u0938\u0915\u0947 \u091c\u0948\u0938\u0947 \u0905\u0936\u094b\u0915 \u092a\u0902\u0921\u093f\u0924 \u091c\u0948\u0938\u0947 \u0932\u094b\u0917\u094b\u0902 \u0928\u0947 \u0909\u0920\u093e\u092f\u093e \u0939\u0948 \u0936\u093e\u092f\u0930\u0940 \u0915\u093f\u0938\u0940 \u092a\u093e\u0930\u094d\u091f\u0940 \u0928\u0947 \u092c\u0924\u093e\u092f\u093e \u0939\u094b\u0917\u093e"
        },
        {
            "tweet_id": "1390917137561096192",
            "tweet": "@ashokepandit Dear #coronavirus \u0907\u0938\u0915\u093e \u0928\u092e\u094d\u092c\u0930 \u0915\u092c \u0906\u090f\u0917\u093e"
        },
        {
            "tweet_id": "1390917221057130496",
            "tweet": "@ashokepandit \u0926\u094b \u0917\u091c \u0926\u0942\u0930\u0940 \u0938\u0947 \ud83d\udc4f\ud83c\udf7d\ud83d\udd14\ud83d\udd6f \u092c\u091c\u093e\u0926\u0947, \u0915\u0902\u0917\u0928\u093e \u0915\u0947 \u0905\u0902\u0917\u0928\u093e \u0938\u0947 \u0915\u094b\u0930\u094b\u0928\u093e \u092d\u093e\u0917 \u091c\u093e\u092f\u0947\u0917\u093e\u0964\n\n\u0917\u094b\u092c\u0930\u0935\u091f\u093f \u092a\u094d\u092f\u094b\u0930 \u0917\u094c \u092e\u0942\u0924\u094d\u0930 \u0938\u0947 \u0939\u0940 \u092c\u0928\u093e\u0908 \u091c\u093e\u092f\u0964"
        },
        {
            "tweet_id": "1390927362632519685",
            "tweet": "@ashokepandit Andh Bhakts are still supporting her. Gadhi \ud83e\udd23"
        },
        {
            "tweet_id": "1390928533090824192",
            "tweet": "@ashokepandit Get well soon Kangana \ud83d\ude02\ud83d\ude02\ud83d\ude02 https://t.co/6EsWNvQE4l"
        },
        {
            "tweet_id": "1390933013828018180",
            "tweet": "@ashokepandit #KangnaRanaut \u0939\u092e \u092d\u0917\u0935\u093e\u0928 \u0938\u0947 \u0924\u0939\u0947\u0902 \u0926\u093f\u0932 \u0938\u0947 \u092a\u094d\u0930\u093e\u0930\u094d\u0925\u0928\u093e \u0915\u0930\u0924\u0947 \u0939\u0948\u0902.. \u0915\u0940 \u092d\u0917\u0935\u093e\u0928 \u0906\u092a\u0915\u094b \u091c\u0932\u094d\u0926 \u0938\u0947 \u091c\u0932\u094d\u0926 \u0909\u0925\u093e\u0932\u0947\u2026\u0964 \ud83d\ude02\ud83e\udd23"
        },
        {
            "tweet_id": "1391057195341553670",
            "tweet": "@ashokepandit The virus should be scared not that communal thug"
        },
        {
            "tweet_id": "1391100296005251075",
            "tweet": "@ashokepandit Har hindostani ki duayen \nKangnaranaut ke sath hain\nJaiShreeRam"
        },
        {
            "tweet_id": "1391102050264440832",
            "tweet": "@ashokepandit Get back your mental balance soon \n#KanganaRanaut u can go to a gufa and get some peace of mind. #COVID19"
        },
        {
            "tweet_id": "1391113898422677510",
            "tweet": "@ashokepandit Grand finish with no more breathing"
        },
        {
            "tweet_id": "1391186602999701505",
            "tweet": "@ashokepandit How can a virus get affected by a virus"
        },
        {
            "tweet_id": "1391243692007067648",
            "tweet": "@ashokepandit Have you received any message from Sardana from hell https://t.co/mbwbrR16pv"
        },
        {
            "tweet_id": "1391353425669943300",
            "tweet": "@ashokepandit Shaitaan k liye dua nhi krte"
        },
        {
            "tweet_id": "1390927213017530370",
            "tweet": "@ashokepandit #KanganaRanaut\nIndia is Really Very Lucky and a Proud Nation to have such Male Population, who are doing a Great Humanitarian Service to the Nation by Demonising, Bashing, Abusing and Humiliating an Hapless Corona affected Lady #"
        },
        {
            "tweet_id": "1390933978069094411",
            "tweet": "@ashokepandit She must be treated with gau mutra cow dunk and coronil"
        },
        {
            "tweet_id": "1391014777065857025",
            "tweet": "@ashokepandit Kangna tweet kaha se padegi\ud83e\udd23\ud83e\udd23\ud83e\udd23\ud83e\udd23\ud83e\udd23\ud83d\udc36\ud83d\udc36\ud83d\udc36 dogy"
        },
        {
            "tweet_id": "1390906721825001472",
            "tweet": "@ashokepandit \ud83c\udf3a\u092e\u0947\u0930\u093e \u092f\u0939 \u0935\u093f\u091a\u093e\u0930 \u0939\u0948 \u0915\u093f \u0905\u092d\u0940 \u0915\u0947 \u0938\u092e\u092f \u092e\u0947\u0902 \u0939\u093f\u0902\u0926\u0941\u0913\u0902 \u0915\u0940 \u0938\u092c\u0938\u0947 \u092c\u0921\u093c\u0940 \u0938\u092e\u0938\u094d\u092f\u093e \u092f\u0939 \u0939\u0948 \u0915\u093f \u0939\u093f\u0902\u0926\u0941\u0913\u0902 \u0915\u094b \u0938\u0932\u093e\u0939 \u0926\u0947\u0928\u0947 \u0935\u093e\u0932\u0947 \u092c\u0939\u0941\u0924 \u092e\u093f\u0932 \u091c\u093e\u0924\u0947 \u0939\u0948\u0902 \u092e\u0917\u0930 \u0939\u093f\u0902\u0926\u0941\u0913\u0902 \u0915\u093e \u0938\u093e\u0925 \u0926\u0947\u0928\u0947 \u0935\u093e\u0932\u0947 \u0915\u094b\u0908 \u0928\u0939\u0940\u0902 \u092e\u093f\u0932\u0924\u093e \u0907\u0938\u0932\u093f\u090f\ud83c\udf3a \u0938\u0932\u093e\u0939 \u0928\u0939\u0940\u0902 \u0938\u093e\u0925 \u0926\u0940\u091c\u093f\u090f\ud83c\udf3a"
        },
        {
            "tweet_id": "1390916273484099588",
            "tweet": "@ashokepandit \u0926\u093f\u0932\u094d\u0932\u0940 \u0915\u0940  \u092e\u0941\u092b\u094d\u0924\u0916\u094b\u0930 \u091c\u0928\u0924\u093e \u0915\u0947 \u0932\u093f\u090f \u0915\u0947\u091c\u0930\u0940\u0935\u093e\u0932 \u0914\u0930 \u0909\u0938\u0915\u0947 \u0917\u0941\u0930\u094d\u0917\u0947 \u0939\u0940 \u0915\u093e\u092b\u0940 \u0939\u0948 \u092c\u0930\u094d\u092c\u093e\u0926 \u0915\u0930\u0928\u0947 \u0915\u0947 \u0932\u093f\u090f, \u0915\u093f\u0938\u0940 \u0926\u0941\u0936\u094d\u092e\u0928 \u0915\u0940 \u0906\u0935\u0936\u094d\u092f\u0915\u0924\u093e \u0928\u0939\u0940\u0902 \u0939\u0948\u0964\n\n\u0910\u0938\u0947 \u0939\u0940 \u092c\u0940\u0924\u0947\u0902\u0917\u0947 \u092a\u0949\u091a \u0938\u093e\u0932,\u0932\u0917\u0947 \u0930\u0939\u094b \u0915\u0947\u091c\u0930\u0940\u0935\u093e\u0932..\u0917\u0949\u0935 \u092e\u093e\u0930\u0928\u0947 \u092e\u0947\u0902, \u0926\u093f\u0932\u094d\u0932\u0940 \u0935\u093e\u0932\u0947 \u0907\u0938\u0940 \u0932\u093e\u092f\u0915 \u0939\u0948\u0902 \ud83e\udd2a\n#OxygenChorAAP",
            "replies": [
                {
                    "tweet_id": "1390931424270708741",
                    "tweet": "@sk_yaduvansi @ashokepandit Aacha aacha ji \n\nModi kaafi Hain sabko Marne kee liye"
                }
            ]
        },
        {
            "tweet_id": "1390916500911841282",
            "tweet": "@ashokepandit over 4000  deaths recorded in 24 hours, read my news\nhttps://t.co/hFI5WxDfCK"
        },
        {
            "tweet_id": "1390970510834487301",
            "tweet": "@ashokepandit \u0939\u093f\u0902\u0926\u0941\u0913\u0902 \u0915\u094b \u091c\u092f \u0936\u094d\u0930\u0940 \u0930\u093e\u092e\n\u0936\u094d\u0930\u0940 \u092e\u0939\u0902\u0924 \u0928\u093e\u0930\u093e\u092f\u0923 \u0917\u093f\u0930\u0940 \u091c\u0940 \u092a\u094d\u0930\u0935\u0915\u094d\u0924\u093e \u091c\u0942\u0928\u093e \u0905\u0916\u093e\u0921\u093c\u093e \u091c\u0940 \u0928\u0947 \u0938\u0942\u091a\u0928\u093e \u0926\u0940 \u091c\u0917\u0924\u0917\u0941\u0930\u0941 \u0936\u094d\u0930\u0940 \u092a\u0902\u091a\u093e\u0928\u0902\u0926 \u0917\u093f\u0930\u0940 \u091c\u0940 \u092e\u0939\u093e\u0930\u093e\u091c \u0915\u094b \u0936\u0902\u0915\u0930\u093e\u091a\u093e\u0930\u094d\u092f \u092c\u0928\u093e\u0928\u0947 \u092a\u0930 \u091a\u0930\u094d\u091a\u093e \u0939\u094b \u0930\u0939\u0940 \u0939\u0948 \u0906\u092a \u0907\u0938 \u0935\u0940\u0921\u093f\u092f\u094b \u0915\u094b \u0905\u0935\u0936\u094d\u092f \u0926\u0947\u0916\u0947\u0902 \u0938\u092d\u0940 \u0939\u093f\u0902\u0926\u0942 \u0907\u0938 \u091a\u0948\u0928\u0932 \u0915\u094b \u0938\u092c\u094d\u0938\u0915\u094d\u0930\u093e\u0907\u092c \u0915\u0930\u0947\u0902 \u0932\u093e\u0907\u0915 \u0915\u0930\u0947\u0902 \u0936\u0947\u092f\u0930 \u0915\u0930\u0947\u0902\n\nhttps://t.co/TsydQTrKzZ"
        },
        {
            "tweet_id": "1390985298318741511",
            "tweet": "@ashokepandit We pray that you get well soon and start your daily doses of liquor and weed sasti Rakhi Sawant ho tum #KanganaRanaut"
        },
        {
            "tweet_id": "1391078590167457794",
            "tweet": "@ashokepandit Ex bjp minister and his brother capture refugee land and Kathua revenue department and jk GOVERNMENT doesn't take any action\nhttps://t.co/mEiI9Tshkh"
        },
        {
            "tweet_id": "1390925915211792384",
            "tweet": "@ashokepandit #KangnaRanaut\nKangana is a Deadly Virus but Murderer of Hundreds of Hindus Mamata is an Innocent, Hapless Poor Lady#\nGreat Going India \ud83d\ude10\ud83d\ude10\ud83d\ude10"
        }
    ]
}