{
    "tweet_id": "1397895650218430465",
    "tweet": "The country desperately needs vaccines to save lives. But the GOI is busy fighting with Twitter.",
    "comments": [
        {
            "tweet_id": "1397895959116345347",
            "tweet": "@Nidhi if companies are not manufacturing what can any Government do.. it's not like cooking food. \n\nJournalist should develop some brain.",
            "replies": [
                {
                    "tweet_id": "1397898335403622401",
                    "tweet": "@a01nar @Nidhi Mr Fake ID, do you know how many vaccine production centres are kept closed by the centre? They could well be used for producing Covaxin. Is 'Bond' a reason?"
                },
                {
                    "tweet_id": "1397938350682611713",
                    "tweet": "@a01nar @Nidhi Only andh bhakts keep themselves covered with gobar to get  protection  from covid. If govt fails to order vaccine in time who would manufacture more than ordered quantities. https://t.co/0GmZMMPgU0"
                },
                {
                    "tweet_id": "1397951296519376897",
                    "tweet": "@a01nar @Nidhi if brain is not.. what they will do"
                },
                {
                    "tweet_id": "1398025266161586177",
                    "tweet": "@a01nar @Nidhi If he had brains, she wouldn't post such dumb things on SM"
                },
                {
                    "tweet_id": "1398030709420294146",
                    "tweet": "@a01nar @Nidhi Govt can announce one more mega TIKA UTSAV to make bhakt happy \ud83d\ude0a"
                },
                {
                    "tweet_id": "1398114518652260354",
                    "tweet": "@a01nar @Nidhi BHAKT NAHI SUDHRE GA\ud83d\ude02\ud83d\ude02\ud83d\ude02"
                },
                {
                    "tweet_id": "1398137930170834944",
                    "tweet": "@a01nar @Nidhi they kept their Brain at Tweeter head office.."
                },
                {
                    "tweet_id": "1398147001984847879",
                    "tweet": "@a01nar @Nidhi Hoo... Poor government"
                },
                {
                    "tweet_id": "1398017926897225731",
                    "tweet": "@a01nar @Nidhi Keep licking the boots.... https://t.co/EsyGmAagBB"
                },
                {
                    "tweet_id": "1397897047114723332",
                    "tweet": "@a01nar @Nidhi Congratulations, you have been diagnosed with orange fungus."
                },
                {
                    "tweet_id": "1398163039585673217",
                    "tweet": "@a01nar @Nidhi At least vaccinate cow dung or cow urine."
                }
            ]
        },
        {
            "tweet_id": "1397895973968367620",
            "tweet": "@Nidhi So, Modi, Amit etc should go to the lab and start cooking the vaccines??",
            "replies": [
                {
                    "tweet_id": "1397897874705305603",
                    "tweet": "@SyntaxErrorism @Nidhi Modi &amp; shah cooking https://t.co/3m8uqz3uTL"
                },
                {
                    "tweet_id": "1397947579384532995",
                    "tweet": "@SyntaxErrorism @Nidhi Rather according to her, Smriti Irani and S. Jaishankar should manufacturer vaccine and Yes President and vice president too manufacturer vaccine"
                },
                {
                    "tweet_id": "1398083634360315908",
                    "tweet": "@SyntaxErrorism @Nidhi And acc to her she will be busy in gvng fake updates of what al is hapening in the lab\ud83e\udd23\ud83e\udd23"
                }
            ]
        },
        {
            "tweet_id": "1397896180135202821",
            "tweet": "@Nidhi Ministry of IT is dealing with twitter, it has no role in vaccine procurement. Vaccines aren't there, doesn't mean everything else in the country will be stopped.",
            "replies": [
                {
                    "tweet_id": "1397911505509654528",
                    "tweet": "@Dontpushyourluk @Nidhi She is from @Harvard, right?\n\nThey are intellectuals &amp; smart, how can you correct her!? \nBe the words whatever nonsense &amp; sh\u00a1t- what she is speaking is intelligent!\nIt's IT department's responsiblity to make vaccines.\nAlso, I request @elonmusk to make vaccines."
                },
                {
                    "tweet_id": "1397951222557118477",
                    "tweet": "@Dontpushyourluk @Nidhi Just proves her sense and IQ!!!"
                },
                {
                    "tweet_id": "1397982027484307459",
                    "tweet": "@Dontpushyourluk @Nidhi (New Blog Post)\ud83d\udd8b\ufe0f\n\n\ud835\udfd5 \ud835\udc18\ud835\udc1e\ud835\udc1a\ud835\udc2b\ud835\udc2c \ud835\udc28\ud835\udc1f \ud835\udc0c\ud835\udc28\ud835\udc1d\ud835\udc22'\ud835\udc2c \ud835\udc06\ud835\udc28\ud835\udc2f\ud835\udc1e\ud835\udc2b\ud835\udc27\ud835\udc26\ud835\udc1e\ud835\udc27\ud835\udc2d \ud83c\uddee\ud83c\uddf3\n\n\ud83d\udc47( Click &amp; Read )\nhttps://t.co/Sq8ag4IHpq\n\n@narendramodi"
                }
            ]
        },
        {
            "tweet_id": "1397897344994070532",
            "tweet": "@Nidhi When country need vaccination you your boyfriend abdulla and your malik oppose the indian vaccine\ud83d\ude21\ud83d\ude21",
            "replies": [
                {
                    "tweet_id": "1397912660688052228",
                    "tweet": "@Dikshapandey22 @Nidhi Omar Abdullah is her boyfriend?"
                }
            ]
        },
        {
            "tweet_id": "1397897601144422406",
            "tweet": "@Nidhi Aunty for your kind information the cases have gone very down now and the vaccination drive is going very well and GOI is doing its job so better don't dictate like CCP.",
            "replies": [
                {
                    "tweet_id": "1397932752763162626",
                    "tweet": "@rahul_aghariya what? There are no vaccines available for 18-44 in any state including delhi. I could not get the slot at all. Also only 3% of India's population is fully vaccinated at best"
                }
            ]
        },
        {
            "tweet_id": "1398053761533153281",
            "tweet": "@gunsoflogic @Nidhi Kitne paise mile tweet ke",
            "replies": [
                {
                    "tweet_id": "1398162043916619776",
                    "tweet": "@Shoiab7071 @gunsoflogic @Nidhi Jitne Teri ammi ka halala ke waqt mile the"
                }
            ]
        },
        {
            "tweet_id": "1397898088258293761",
            "tweet": "@Nidhi The country is fighting a war on Covid. But, media &amp; the opposition shamelessly support the likes of Farm Protests to create covid hotspots &amp; ensuring panic!",
            "replies": [
                {
                    "tweet_id": "1397900979194908675",
                    "tweet": "@Preetam_M_Rao @Nidhi Govt is fighting Corona very rightly &amp; intelligently.\nBut media, people like you are instead of helping people face the corona challenge are fighting with Govt.\nMost of you enjoy running down country."
                }
            ]
        },
        {
            "tweet_id": "1397898088765739013",
            "tweet": "@Nidhi @virsanghvi @MoHFW_INDIA is busy with vaccines and @GoI_MeitY is fighting with @Twitter. GOI have lots of people to do simultaneous work at the same time.",
            "replies": [
                {
                    "tweet_id": "1397899179364548609",
                    "tweet": "@varun_dib @Nidhi @MoHFW_INDIA @GoI_MeitY @Twitter Actually no. The vaccine decisions are being taken by the Cabinet Secretary who is Chairing the meetings.\nThey don\u2019t trust the health ministry to combat Covid on it\u2019s own. (Would you?\ud83d\ude00)\nSo, not lots of different people. Same people!"
                },
                {
                    "tweet_id": "1398180543917793281",
                    "tweet": "@varun_dib @Nidhi @virsanghvi @MoHFW_INDIA @GoI_MeitY @Twitter 'Lots of people' indeed! who should have all been simultaneously working to get us, the citizens, the bloody vaccines"
                },
                {
                    "tweet_id": "1397948784710078468",
                    "tweet": "@varun_dib @Nidhi @virsanghvi @MoHFW_INDIA @GoI_MeitY @Twitter dear genius, the cabinet secretary also provides assistance to the council of Ministers and prepares the agenda of the cabinet. his role is not limited to one department and the rest about meity rolling out the notice against Twitter is basically doing their job. cakewalk thing."
                }
            ]
        },
        {
            "tweet_id": "1397898207946960896",
            "tweet": "@Nidhi While patients are suffering from Covid, you journalists are tweeting &amp; reporting about Govt, You guys should be wearing the PPE kits and helping doctors out there."
        },
        {
            "tweet_id": "1397898288439857157",
            "tweet": "@Nidhi Tum to rahane do! \ud83d\ude00#Harvard"
        },
        {
            "tweet_id": "1397898437211824137",
            "tweet": "@Nidhi IT minister should work on vaccination? Or should they find another better vaccine? What do you expect them to do at this time?\n\nSab apke jaise talented nahi hote na madam jo NDTV &amp; Harvard university dono jagah kaam kar le...",
            "replies": [
                {
                    "tweet_id": "1397906377054425098",
                    "tweet": "@MrSinha_ @Nidhi That's why she is HARWARD return"
                },
                {
                    "tweet_id": "1397916975129501699",
                    "tweet": "@MrSinha_ @Nidhi 1)In modis govt things are different. Yesterday defence minister was handling education matter.\n2)under Modi no one is independent. They are all working as per his instruction. Entire govt is busy in this matter.\nWish they shown such alacrity on #covid and vaccine procurement."
                },
                {
                    "tweet_id": "1397931376234557442",
                    "tweet": "@MrSinha_ @Nidhi Tumhara toh health minister bhi not working on vaccination."
                },
                {
                    "tweet_id": "1397946197143216137",
                    "tweet": "@MrSinha_ @Nidhi Thank god Harvard didn't took her , she didn't know what meITy does ."
                },
                {
                    "tweet_id": "1397946919859544065",
                    "tweet": "@MrSinha_ @Nidhi What an answer bro!!! \ud83d\ude00\ud83d\udc4f"
                },
                {
                    "tweet_id": "1397950327144415237",
                    "tweet": "@MrSinha_ @Nidhi Nailed it ."
                },
                {
                    "tweet_id": "1397954325016498177",
                    "tweet": "@MrSinha_ @Nidhi Hahahahahaha \ud83e\udd23\ud83d\ude02\ud83e\udd23\ud83e\udd23"
                },
                {
                    "tweet_id": "1397955010432929794",
                    "tweet": "@MrSinha_ @Nidhi \u092f\u0947 \u0924\u094b \u0917\u091c\u092c \u092c\u0947\u091c\u094d\u091c\u0924\u0940 \u0939\u0948\u0902\u0964 \ud83d\ude02"
                },
                {
                    "tweet_id": "1397961186637873153",
                    "tweet": "@MrSinha_ @Nidhi Savage"
                },
                {
                    "tweet_id": "1397964515216551939",
                    "tweet": "@MrSinha_ @Nidhi Siculary tried to their best to neutralize goodwill generated for Mr Modi by vaccination program. By negative scarcity drama. Their days are counted now."
                },
                {
                    "tweet_id": "1397994323195486209",
                    "tweet": "@MrSinha_ @Nidhi Ya the same way defence minister held a meeting regarding the conduct of 12th board exams"
                },
                {
                    "tweet_id": "1398127509808377858",
                    "tweet": "@MrSinha_ @Nidhi Harvard University \ud83d\ude02\ud83d\ude02"
                },
                {
                    "tweet_id": "1398228905249574921",
                    "tweet": "@MrSinha_ @Nidhi Hahahahahahahahahhahahahahahahahahahhaahhahahahahahahhahahahahahahah"
                },
                {
                    "tweet_id": "1398296299686883334",
                    "tweet": "@MrSinha_ @Nidhi Harvard 500"
                },
                {
                    "tweet_id": "1397946105304784898",
                    "tweet": "@MrSinha_ @Nidhi She is Alone, the other guys have 1000s, and it's not her job, but Job of \"Bhakton k Papa\"."
                },
                {
                    "tweet_id": "1398359145330348033",
                    "tweet": "@MrSinha_ @Nidhi Woh Harward nahin Dharwad municipal school tha. Madam ji se typo ho gaya tha!\ud83d\ude1c"
                },
                {
                    "tweet_id": "1398160918576459776",
                    "tweet": "@MrSinha_ @Nidhi Nidhi Razvan,Columbia professor pagal hai,IT minister will make vaccine then what the health Minister will do .Talk sense you chamchi."
                },
                {
                    "tweet_id": "1397941037578870786",
                    "tweet": "@MrSinha_ @Nidhi #India mei Bina vaccination chelega bass's #Modi Jaap Karna Chahiye aur Kuch din ke baad ye #socialmedia bhi nai rahega wah wah kya planning hai sadak Ka chai waala hai na."
                },
                {
                    "tweet_id": "1397947040038998018",
                    "tweet": "@MrSinha_ @Nidhi \ud83d\ude1c"
                },
                {
                    "tweet_id": "1397981808516505600",
                    "tweet": "@MrSinha_ @Nidhi (New Blog Post)\ud83d\udd8b\ufe0f\n\n\ud835\udfd5 \ud835\udc18\ud835\udc1e\ud835\udc1a\ud835\udc2b\ud835\udc2c \ud835\udc28\ud835\udc1f \ud835\udc0c\ud835\udc28\ud835\udc1d\ud835\udc22'\ud835\udc2c \ud835\udc06\ud835\udc28\ud835\udc2f\ud835\udc1e\ud835\udc2b\ud835\udc27\ud835\udc26\ud835\udc1e\ud835\udc27\ud835\udc2d \ud83c\uddee\ud83c\uddf3\n\n\ud83d\udc47( Click &amp; Read )\nhttps://t.co/Sq8ag4IHpq\n\n@narendramodi"
                },
                {
                    "tweet_id": "1397981974065778699",
                    "tweet": "@MrSinha_ @Nidhi According to Haywards University Professor @Nidhi IT Minister should leave his job and focus on vaccine. \ud83e\udd23\ud83e\udd23 #\u0916\u094b\u091f\u0940_\u092a\u0924\u094d\u0930\u0915\u093e\u0930\u093f\u0924\u093e #\u0926\u0932\u093e\u0932 #\u092a\u0924\u094d\u0924\u0932\u0915\u093e\u0930 #\u092b\u0930\u094d\u091c\u0940_\u0928\u094d\u092f\u0942\u091c #FakeNews #Dalal  - Please take painkillers \ud83e\udd23 #BanTwitterInIndia #IndiaVsTwitter Twitter ban and iske dukaan Band \ud83d\udc4d https://t.co/WG3hrknoW9"
                },
                {
                    "tweet_id": "1398236350680162304",
                    "tweet": "@MrSinha_ @Nidhi Top and fitting response. These libtards, dumbos  don't even have basic knowledge to do an apples to apples comparison. It is their habit to keep portraying negativity."
                }
            ]
        },
        {
            "tweet_id": "1397898585828565002",
            "tweet": "@Nidhi When vaccines were available some of your good pals were passing hesitant judgment around \ud83d\ude44\ud83d\ude44 &amp; btw no one is fighting with twitter - Gosh the words you people use \ud83d\ude44\ud83d\ude44",
            "replies": [
                {
                    "tweet_id": "1397959918632587265",
                    "tweet": "@shrivastavanita @Nidhi Anita ma'am.. please show some respect.. she is HARVARD RETURN journalist \ud83d\ude01..."
                }
            ]
        },
        {
            "tweet_id": "1397898737263857664",
            "tweet": "@Nidhi Good that it didn't have to falsify info about being the #Harvard professor\nhttps://t.co/Zq7dFVKQ91",
            "replies": [
                {
                    "tweet_id": "1397905544560611328",
                    "tweet": "@Nidhi That was very quick. \nMirchi lag gayi, Nidhi Razdan, the fake professor of Harvard ko! https://t.co/r2DueC7yoN"
                }
            ]
        },
        {
            "tweet_id": "1397898893598199811",
            "tweet": "@Nidhi Shouldn\u2019t you be rooting for such reforms after what you have been through with \u201c Harvard \u201c?",
            "replies": [
                {
                    "tweet_id": "1397912931279400962",
                    "tweet": "@jailnahijanahai @Nidhi She roots for whatever gives her green stuff. https://t.co/BxqqqnFN9y"
                }
            ]
        },
        {
            "tweet_id": "1397899787224031246",
            "tweet": "@Nidhi Miss Harvard, The Ministry of Information Technology does not make vaccines, the Ministry of Health makes it. So let them do their work.",
            "replies": [
                {
                    "tweet_id": "1397903783493992449",
                    "tweet": "@Nidhi Thanks miss Harvard! \ud83d\ude4f\ud83d\ude2d\ud83d\ude2d\ud83d\ude32 https://t.co/Xwc7g20JIg"
                },
                {
                    "tweet_id": "1397926199779676167",
                    "tweet": "@FunMauji @Nidhi I am sure ministry of health is doing great job in procuring vaccines that\u2019s why there is no shortage, &amp; then states are being told to do their own procurement. This is called chaos."
                },
                {
                    "tweet_id": "1397946474957180930",
                    "tweet": "@FunMauji @Nidhi \u092f\u0947 \u0938\u092c \u091b\u094b\u0921\u093c\u094b \u092f\u0947 \u092c\u0924\u093e\u0913 \u0915\u093f \u0939\u093e\u0930\u0935\u0930\u094d\u0921 \u092e\u0947 \u0915\u0948\u0938\u093e \u091a\u0932 \u0930\u0939\u093e \u0928\u092f\u093e \u091c\u0949\u092c\u0964"
                },
                {
                    "tweet_id": "1397951343655100421",
                    "tweet": "@FunMauji @Nidhi Exactly \ud83d\ude02\ud83d\ude02\ud83d\ude02\ud83d\ude02\nJust proves her sense and IQ!!!"
                },
                {
                    "tweet_id": "1397956632647135233",
                    "tweet": "@FunMauji @Nidhi Mr Whats app, Dono ko central hi command deti hai. So yaha jawab dene se acha hai sarkar se sawal karo."
                },
                {
                    "tweet_id": "1397963241918144514",
                    "tweet": "@FunMauji @Nidhi Ohh, ministry of health is working?? Then I can hope we will be mask free soon."
                },
                {
                    "tweet_id": "1397966415680790530",
                    "tweet": "@FunMauji @Nidhi \ud83e\udd26\u200d\u2642\ufe0f\ud83d\ude02"
                },
                {
                    "tweet_id": "1397969881887354880",
                    "tweet": "@FunMauji @Nidhi You meant Missed Harvard ? \ud83e\udd14"
                },
                {
                    "tweet_id": "1397995865977987072",
                    "tweet": "@FunMauji @Nidhi Surely u will also defend the ministry of finance indulging in the affairs of ministry of education."
                },
                {
                    "tweet_id": "1398100944387145729",
                    "tweet": "@FunMauji @Nidhi Mr Bhakt, if the Minister for Information Technology spends all his spare time monitoring the vaccine program and keeps issuing statements like this, maybe the health minister should deal with twitter instead?  https://t.co/wiVdD9VSiX"
                },
                {
                    "tweet_id": "1398103801739976706",
                    "tweet": "@FunMauji @Nidhi Be careful \nHarvard will sue u \nWe know it was fake admission"
                }
            ]
        },
        {
            "tweet_id": "1397899896930197506",
            "tweet": "@Nidhi Just like you became Professor of Journalism in Harvard University. https://t.co/WbLOCpPTsH",
            "replies": [
                {
                    "tweet_id": "1397943149721317376",
                    "tweet": "@itushardey @Nidhi O bhi directly associate professor without having PHD. @Nidhi madam kuchh to dimag laga leti"
                },
                {
                    "tweet_id": "1397962401035653122",
                    "tweet": "@itushardey @Nidhi You did not take in right way...\n\nFictitious practices comes under Art...what an art Nidhi has..\nP Hd in 420..."
                },
                {
                    "tweet_id": "1397974936170475528",
                    "tweet": "@itushardey @Nidhi Abhi tak kyu nahi gayi?"
                }
            ]
        },
        {
            "tweet_id": "1397899927804538887",
            "tweet": "@Nidhi The world is fighting a pandemic,\n&amp; Nation, fighting multiple threats..biological, financial, security, virtual.. \n\nHarward rejected journalists meanwhile: https://t.co/4cfG4pExaw",
            "replies": [
                {
                    "tweet_id": "1397932715081486338",
                    "tweet": "@KhamanDhokIa @Nidhi \"Harvard\" \ud83d\ude42 and not \"Harward\""
                },
                {
                    "tweet_id": "1397982133159796737",
                    "tweet": "@KhamanDhokIa @Nidhi (New Blog Post)\ud83d\udd8b\ufe0f\n\n\ud835\udfd5 \ud835\udc18\ud835\udc1e\ud835\udc1a\ud835\udc2b\ud835\udc2c \ud835\udc28\ud835\udc1f \ud835\udc0c\ud835\udc28\ud835\udc1d\ud835\udc22'\ud835\udc2c \ud835\udc06\ud835\udc28\ud835\udc2f\ud835\udc1e\ud835\udc2b\ud835\udc27\ud835\udc26\ud835\udc1e\ud835\udc27\ud835\udc2d \ud83c\uddee\ud83c\uddf3\n\n\ud83d\udc47( Click &amp; Read )\nhttps://t.co/Sq8ag4IHpq\n\n@narendramodi"
                }
            ]
        },
        {
            "tweet_id": "1397900130955644928",
            "tweet": "@Nidhi Nidhi \u091c\u0940, \u0938\u0930\u0915\u093e\u0930 \u092e\u0947\u0902 \u0935\u093f\u0935\u093f\u0927 \u092e\u0902\u0924\u094d\u0930\u093e\u0932\u092f \u0939\u094b\u0924\u0947 \u0939\u0948\u0902. MEITY \u092e\u0902\u0924\u094d\u0930\u093e\u0932\u092f \u0905\u092a\u0928\u093e \u0915\u093e\u092e \u0915\u0930 \u0930\u0939\u093e \u0939\u0948 \u0914\u0930 MOHFW \u0905\u092a\u0928\u093e. MEITY \u0935\u093e\u0932\u0947 \u0935\u0948\u0915\u094d\u0938\u0940\u0928 \u0928\u0939\u0940\u0902 \u092c\u0928\u093e \u0930\u0939\u0947.",
            "replies": [
                {
                    "tweet_id": "1397905820285751301",
                    "tweet": "@ConnectDarkman @Nidhi Kam bhi dikhna chahiye.. Vaccine hai kahan fir"
                }
            ]
        },
        {
            "tweet_id": "1397901294442930184",
            "tweet": "@Nidhi So this woman thinks that whole government is involved with Twitter. \nNo way she was claiming to be a Harvard professor \ud83e\udd26\ud83c\udffe\u200d\u2642\ufe0f"
        },
        {
            "tweet_id": "1397902031663239172",
            "tweet": "@Nidhi @ReshmaSayed12 True, the real problem is Godi Media.Those people are not able to question the Modi government.They feel as if all is well.History will not forgive to Jounalists as a whole.4th pillars of democracy have been mute spectator to disaster acts of the government.",
            "replies": [
                {
                    "tweet_id": "1398079674928881665",
                    "tweet": "@fazle_alam @Nidhi @ReshmaSayed12 This must hv been copy pasted by 100 chapris like him o else must hv been fowarded by som hardward returnee\ud83e\udd23\ud83e\udd23"
                },
                {
                    "tweet_id": "1397942297929478146",
                    "tweet": "@fazle_alam @Nidhi @ReshmaSayed12 Aa gaye tum.. kya sunoge batao?"
                }
            ]
        }
    ]
}