{
    "tweet_id": "1386401947729633280",
    "tweet": "Just as India sent assistance to the United States as our hospitals were strained early in the pandemic, we are determined to help India in its time of need.",
    "comments": [
        {
            "tweet_id": "1386402035570905091",
            "tweet": "@POTUS Remove Marijuana from the schedule 1 drug list! #Fliptheswitch"
        },
        {
            "tweet_id": "1386402055145672704",
            "tweet": "@POTUS Good move, Mr. President.",
            "replies": [
                {
                    "tweet_id": "1386402394963996672",
                    "tweet": "@JeffreyGuterman @POTUS This conservative extends #ThankYouJoe to Biden for his moral decency and calm, which would have been enough. I love his strong jobs reports, historic markets, record vaccines, and his command of his base while reaching across the aisle."
                }
            ]
        },
        {
            "tweet_id": "1386402484244025344",
            "tweet": "@POTUS WTG! Excellent job President Biden! You are the best!",
            "replies": [
                {
                    "tweet_id": "1386574460409376769",
                    "tweet": "@Kelly71892510 @POTUS In this critical pandemic situation he stopped supply of  raw material required for manufacturing of vaccine in india. Now he predicting he has concern about india...stop lie n stop geopolitics ...I love Americans...but now day by day .."
                },
                {
                    "tweet_id": "1386563679668236288",
                    "tweet": "@Kelly71892510 @POTUS He is a pathetic man with tiny heart. He woke from slumber only after shaming. And that VP Cruella uses her Indian heritage just to mooch votes. Shame on both. #StayStrongIndia"
                }
            ]
        },
        {
            "tweet_id": "1386402541357858816",
            "tweet": "@POTUS Thank you, President Biden! They truly need our help.  \u2665\ufe0f",
            "replies": [
                {
                    "tweet_id": "1386824812320858112",
                    "tweet": "@NurseNinaPA @POTUS No need of this fucking nation"
                }
            ]
        },
        {
            "tweet_id": "1386403155483660291",
            "tweet": "@POTUS What took you so long to respond? Were you waiting on big Pharma corporations to evaluate self interests before helping out a partner in need? Delay &amp; lack of empathy in US action has been embarrassing in time of dire need \ud83e\udd2e . I hope India learns it\u2019s lessons for future.",
            "replies": [
                {
                    "tweet_id": "1386585537633427460",
                    "tweet": "@NuffinSerious @POTUS America sees India as just a 1.4 billon people market.  It does not matter to him.."
                },
                {
                    "tweet_id": "1386862397462175749",
                    "tweet": "@NuffinSerious @POTUS India knowing very well how to punch backk\n\nIndia gand marna v janta hai"
                },
                {
                    "tweet_id": "1387043996841627649",
                    "tweet": "@NuffinSerious @POTUS Lol, this was not America's fault. Your leader made the same mistakes as Boris, Bolsonaro and Trump."
                },
                {
                    "tweet_id": "1387209519969849346",
                    "tweet": "@NuffinSerious @POTUS The shortage of COVID-19 vaccine is everywhere on this earth. However, in US, everyone involved in the process of rolling out the vaccines from more than one pharmaceutical co is phenomenal. President Biden made sure there is an adequate supply for Americans. Bravo!"
                },
                {
                    "tweet_id": "1387006624204722179",
                    "tweet": "@NuffinSerious @POTUS SHUT UP STUPID!! GO FIND YOUR TRUMP MONSTER!!"
                }
            ]
        },
        {
            "tweet_id": "1386403632128561155",
            "tweet": "@POTUS Its too late Mr . President. We will fight on our own.",
            "replies": [
                {
                    "tweet_id": "1386404542535790595",
                    "tweet": "@theferventboy @POTUS Ghanta bhai...\nAane de help..\nLavde laga diye modi ne"
                },
                {
                    "tweet_id": "1386696942009344004",
                    "tweet": "@theferventboy @POTUS Raj vishuddh chutiye ho tum"
                }
            ]
        },
        {
            "tweet_id": "1386406028766445569",
            "tweet": "@POTUS Thank you Mr. President.",
            "replies": [
                {
                    "tweet_id": "1386591054674030596",
                    "tweet": "@brajeshlive @POTUS Hatt gavar"
                },
                {
                    "tweet_id": "1386592729950396422",
                    "tweet": "@brajeshlive @POTUS Lavde"
                }
            ]
        },
        {
            "tweet_id": "1386408467594846208",
            "tweet": "@POTUS You will never be like dolund. \nNot my president.",
            "replies": [
                {
                    "tweet_id": "1387345062267326464",
                    "tweet": "@_Spacker @POTUS Dolund chicha \ud83d\ude02\ud83d\udc4c"
                },
                {
                    "tweet_id": "1386643401097900035",
                    "tweet": "@_Spacker @POTUS \ud83d\ude02\ud83d\ude02 Dolaand it is \ud83d\ude02\ud83d\ude02\ud83d\ude02"
                }
            ]
        },
        {
            "tweet_id": "1386408579385552896",
            "tweet": "@POTUS \u091c\u092c \u090f\u0915 \u091f\u093e\u0902\u0917 \u0915\u092c\u094d\u0930 \u092e\u0947\u0902 \u0914\u0930 \u090f\u0915 \u0915\u0947\u0932\u0947 \u0915\u0947 \u091b\u093f\u0932\u0915\u0947 \u092a\u0930 \u0939\u094b \u0924\u094b \u091c\u093c\u094d\u092f\u093e\u0926\u093e \u0909\u091b\u0932\u0924\u0947 \u0928\u0939\u0940 \u0939\u0948 \u092c\u0941\u0922\u093c\u090a"
        },
        {
            "tweet_id": "1386411750610726917",
            "tweet": "@POTUS Send vaccines! We cannot and should not be hoarding them. We have enough to share.",
            "replies": [
                {
                    "tweet_id": "1386594152268242945",
                    "tweet": "@katelynstarrpdx @POTUS but we don't need vaccine\nIndia only need raw material..."
                }
            ]
        },
        {
            "tweet_id": "1386421783566323716",
            "tweet": "@POTUS @JoeBiden Release the damn patents!\nAnd release them now!\n\nIndia has been begging us all to do this. Stop with the empty promises. Do what needs to be done. Release the patents.",
            "replies": [
                {
                    "tweet_id": "1386432109279997953",
                    "tweet": "@larskohler @POTUS @JoeBiden What? They haven\u2019t begged us to release the patents. They\u2019ve asked for raw materials. India is MAKING much of the vaccine supply.  The US doesn\u2019t hold the patents, and seizing them and releasing them wouldn\u2019t increase the availability of materials to manufacture vaccines."
                },
                {
                    "tweet_id": "1386731806247038981",
                    "tweet": "@indicdefence @POTUS @JoeBiden Yeah... you guys are doing splendid! Absolutely splendid. \ud83d\ude44\n\nWell... if you feel comfortable with these numbers... then consider my outcry on behalf of all the other countries that are fighting to survive by begging the patents to be released. https://t.co/tYp29Mi9Op"
                },
                {
                    "tweet_id": "1386748222736015360",
                    "tweet": "@larskohler @POTUS @JoeBiden This guy is on cheap drugs! \n\nWhen Hcq was in crisis in us wasn't it was sent from India !"
                }
            ]
        },
        {
            "tweet_id": "1386422956042063878",
            "tweet": "@POTUS Shanti se ban lift kar dete. Faltu me gaa|i khaye sab se. Naye naye President bane ho, India se p@nga na lo khaali peeli ka ."
        },
        {
            "tweet_id": "1386424652759658504",
            "tweet": "@POTUS Allowing #India to produce a billion doses of AstraZeneca vaccine by the end of 2022 is too little/too late. Why not allow India pharmaceutical companies to produce #Pfizer &amp; #Moderna vaccines now? Oh that's right, we have to protect corporate profits over saving lives.",
            "replies": [
                {
                    "tweet_id": "1386429214270779393",
                    "tweet": "@SolarMeter @POTUS Modern is already not enforcing their IP. \n\nAZ and Moderna are totally separate kinds of technology. It's like the difference between a car and a house. You can't use a car factory to make houses."
                },
                {
                    "tweet_id": "1386502036011634691",
                    "tweet": "@POTUS I stand corrected. I'm glad to hear that #Moderna is allowing other countries like #India to manufacture their Covid vaccine."
                }
            ]
        },
        {
            "tweet_id": "1386428190168584196",
            "tweet": "@POTUS Thank you President Biden for showing generosity and u shown ur maturity by forgiving our PM's useless Trump Sarkar campaign which didn't went well with Americans. Friend in need is a friend in deed. India will open its heart for US if time requires",
            "replies": [
                {
                    "tweet_id": "1386635955864436738",
                    "tweet": "@vlmdshariq @POTUS Whether Trump or Biden, India beleives in Vasudeva kudumbukkam."
                },
                {
                    "tweet_id": "1386754101745119232",
                    "tweet": "@vlmdshariq @POTUS Haha..Congressman,  .dont lick so much.  It shows."
                },
                {
                    "tweet_id": "1386579269992665092",
                    "tweet": "@vlmdshariq @POTUS Paracetamol ...hcq tablet ...idiot and idiot nothing else and for pfizer india is still supplying raw material go and read if india want to harm them ,india"
                }
            ]
        },
        {
            "tweet_id": "1386480965179121677",
            "tweet": "@POTUS Thank you very much Sir\n\nYou ignored stupidity of the PM who campaigned for Facist Donald Trump to win USA election \n\nYou kept Country over an invidual",
            "replies": [
                {
                    "tweet_id": "1386576456625451009",
                    "tweet": "@Bhola4U @POTUS He was literally banned by this liberal party...it was good move...\n\nConsidering how controversial those elections were you really don't want India doubting bidens legitimacy as president"
                },
                {
                    "tweet_id": "1386641400658153474",
                    "tweet": "@Bhola4U @POTUS Jyada machlo nahi"
                },
                {
                    "tweet_id": "1386770303364124680",
                    "tweet": "@Bhola4U @POTUS Har kisi ko apna abu maan liya hai kya ab tum logo ne,kabhi Imran toh kabhi Erdogan toh kabhi saudi wale bhaiya toh abhi Biden \ud83e\udd23\nMain toh keh raha hu wqt rehte izzt karna seekh jao.Chai wale ki pyar bhari boli seh nahi pa rahe ho toh soch lo agar wo gaay wala aaya th kya hoga."
                },
                {
                    "tweet_id": "1387059484736974848",
                    "tweet": "@Bhola4U @POTUS Chup Madrassa chap ."
                },
                {
                    "tweet_id": "1387828966807900164",
                    "tweet": "@Bhola4U @POTUS Modi kaa goo itna acha lagta hai...idar b aah jate ho khane... Chamche giri bandh karo yaa...desh ka bahar naam toh aacha karo .."
                },
                {
                    "tweet_id": "1386731542135799809",
                    "tweet": "@Bhola4U @POTUS such a retard. Its because of our PM diplomacy and good relations, USA forced to help India. fascism exist only in islamic countries not in USA or India."
                }
            ]
        },
        {
            "tweet_id": "1386522751653998595",
            "tweet": "@POTUS @vikramchandra After 20 days \ud83e\udd23 !  \nWhen US ask us for Hydroxychloroquine we gave . But today when we need your help you f*cking playing games with us ! And we'r only asking to remove ban from raw material and u ' r removing after 20 day and that also bcz of pressure \nWill never forgot MC",
            "replies": [
                {
                    "tweet_id": "1387898747451891712",
                    "tweet": "@Sneha_tyagi_n13 @POTUS @vikramchandra Stop abusing! How can you use a women centric abusive word especially when you are one?"
                },
                {
                    "tweet_id": "1386552157231452164",
                    "tweet": "@Sneha_tyagi_n13 @POTUS @vikramchandra Don't forget this ever. Pass down this information to your next generations also. Lol"
                }
            ]
        },
        {
            "tweet_id": "1386529740509560836",
            "tweet": "@POTUS You are assisting for your future needs this not generosity this is called selfish. https://t.co/1r0IUzgPK0",
            "replies": [
                {
                    "tweet_id": "1386683213704269834",
                    "tweet": "@Jambudep @POTUS Have you done anything to help? If not take a seat"
                },
                {
                    "tweet_id": "1386651919129661440",
                    "tweet": "@Jambudep @POTUS F you then. We'll just keep it. Jesus! Ungrateful bastard"
                }
            ]
        },
        {
            "tweet_id": "1386536081995145226",
            "tweet": "@POTUS If you could have taken this decision earlier instead of denying to lift bans, then thousands of lives could be saved.",
            "replies": [
                {
                    "tweet_id": "1386666576309522435",
                    "tweet": "@neerajnainwal3 @POTUS Be grateful \ud83e\udd14"
                }
            ]
        },
        {
            "tweet_id": "1386574623144247299",
            "tweet": "@POTUS Mr.President, please release your stockpile of 200 million AstraZeneca vaccines to India and other worst affected countries!!",
            "replies": [
                {
                    "tweet_id": "1386575174942617600",
                    "tweet": "@POTUS and remove the the restrictions on the export of vaccine raw materials to India."
                },
                {
                    "tweet_id": "1386702033734946817",
                    "tweet": "@POTUS Thanks so much for lifting the ban on the export of vaccine raw materials to India. We truly appreciate it Mr President."
                }
            ]
        },
        {
            "tweet_id": "1386574897745334272",
            "tweet": "@POTUS Very Slow Response. Disappointed"
        }
    ]
}